date,cpi_inflation_pct,usd_aoa_monthly,real_interest_rate_monthly,oil_brent_usd_bbl,nat_gas_usd_mmbtu,diamond_usd_carat,gold_usd
1833-01-01,,,,,,,18.93
1833-02-01,,,,,,,18.93
1833-03-01,,,,,,,18.93
1833-04-01,,,,,,,18.93
1833-05-01,,,,,,,18.93
1833-06-01,,,,,,,18.93
1833-07-01,,,,,,,18.93
1833-08-01,,,,,,,18.93
1833-09-01,,,,,,,18.93
1833-10-01,,,,,,,18.93
1833-11-01,,,,,,,18.93
1833-12-01,,,,,,,18.93
1834-01-01,,,,,,,18.93
1834-02-01,,,,,,,18.93
1834-03-01,,,,,,,18.93
1834-04-01,,,,,,,18.93
1834-05-01,,,,,,,18.93
1834-06-01,,,,,,,18.93
1834-07-01,,,,,,,18.93
1834-08-01,,,,,,,18.93
1834-09-01,,,,,,,18.93
1834-10-01,,,,,,,18.93
1834-11-01,,,,,,,18.93
1834-12-01,,,,,,,18.93
1835-01-01,,,,,,,18.93
1835-02-01,,,,,,,18.93
1835-03-01,,,,,,,18.93
1835-04-01,,,,,,,18.93
1835-05-01,,,,,,,18.93
1835-06-01,,,,,,,18.93
1835-07-01,,,,,,,18.93
1835-08-01,,,,,,,18.93
1835-09-01,,,,,,,18.93
1835-10-01,,,,,,,18.93
1835-11-01,,,,,,,18.93
1835-12-01,,,,,,,18.93
1836-01-01,,,,,,,18.93
1836-02-01,,,,,,,18.93
1836-03-01,,,,,,,18.93
1836-04-01,,,,,,,18.93
1836-05-01,,,,,,,18.93
1836-06-01,,,,,,,18.93
1836-07-01,,,,,,,18.93
1836-08-01,,,,,,,18.93
1836-09-01,,,,,,,18.93
1836-10-01,,,,,,,18.93
1836-11-01,,,,,,,18.93
1836-12-01,,,,,,,18.93
1837-01-01,,,,,,,18.93
1837-02-01,,,,,,,18.93
1837-03-01,,,,,,,18.93
1837-04-01,,,,,,,18.93
1837-05-01,,,,,,,18.93
1837-06-01,,,,,,,18.93
1837-07-01,,,,,,,18.93
1837-08-01,,,,,,,18.93
1837-09-01,,,,,,,18.93
1837-10-01,,,,,,,18.93
1837-11-01,,,,,,,18.93
1837-12-01,,,,,,,18.93
1838-01-01,,,,,,,18.93
1838-02-01,,,,,,,18.93
1838-03-01,,,,,,,18.93
1838-04-01,,,,,,,18.93
1838-05-01,,,,,,,18.93
1838-06-01,,,,,,,18.93
1838-07-01,,,,,,,18.93
1838-08-01,,,,,,,18.93
1838-09-01,,,,,,,18.93
1838-10-01,,,,,,,18.93
1838-11-01,,,,,,,18.93
1838-12-01,,,,,,,18.93
1839-01-01,,,,,,,18.93
1839-02-01,,,,,,,18.93
1839-03-01,,,,,,,18.93
1839-04-01,,,,,,,18.93
1839-05-01,,,,,,,18.93
1839-06-01,,,,,,,18.93
1839-07-01,,,,,,,18.93
1839-08-01,,,,,,,18.93
1839-09-01,,,,,,,18.93
1839-10-01,,,,,,,18.93
1839-11-01,,,,,,,18.93
1839-12-01,,,,,,,18.93
1840-01-01,,,,,,,18.93
1840-02-01,,,,,,,18.93
1840-03-01,,,,,,,18.93
1840-04-01,,,,,,,18.93
1840-05-01,,,,,,,18.93
1840-06-01,,,,,,,18.93
1840-07-01,,,,,,,18.93
1840-08-01,,,,,,,18.93
1840-09-01,,,,,,,18.93
1840-10-01,,,,,,,18.93
1840-11-01,,,,,,,18.93
1840-12-01,,,,,,,18.93
1841-01-01,,,,,,,18.93
1841-02-01,,,,,,,18.93
1841-03-01,,,,,,,18.93
1841-04-01,,,,,,,18.93
1841-05-01,,,,,,,18.93
1841-06-01,,,,,,,18.93
1841-07-01,,,,,,,18.93
1841-08-01,,,,,,,18.93
1841-09-01,,,,,,,18.93
1841-10-01,,,,,,,18.93
1841-11-01,,,,,,,18.93
1841-12-01,,,,,,,18.93
1842-01-01,,,,,,,18.93
1842-02-01,,,,,,,18.93
1842-03-01,,,,,,,18.93
1842-04-01,,,,,,,18.93
1842-05-01,,,,,,,18.93
1842-06-01,,,,,,,18.93
1842-07-01,,,,,,,18.93
1842-08-01,,,,,,,18.93
1842-09-01,,,,,,,18.93
1842-10-01,,,,,,,18.93
1842-11-01,,,,,,,18.93
1842-12-01,,,,,,,18.93
1843-01-01,,,,,,,18.93
1843-02-01,,,,,,,18.93
1843-03-01,,,,,,,18.93
1843-04-01,,,,,,,18.93
1843-05-01,,,,,,,18.93
1843-06-01,,,,,,,18.93
1843-07-01,,,,,,,18.93
1843-08-01,,,,,,,18.93
1843-09-01,,,,,,,18.93
1843-10-01,,,,,,,18.93
1843-11-01,,,,,,,18.93
1843-12-01,,,,,,,18.93
1844-01-01,,,,,,,18.93
1844-02-01,,,,,,,18.93
1844-03-01,,,,,,,18.93
1844-04-01,,,,,,,18.93
1844-05-01,,,,,,,18.93
1844-06-01,,,,,,,18.93
1844-07-01,,,,,,,18.93
1844-08-01,,,,,,,18.93
1844-09-01,,,,,,,18.93
1844-10-01,,,,,,,18.93
1844-11-01,,,,,,,18.93
1844-12-01,,,,,,,18.93
1845-01-01,,,,,,,18.93
1845-02-01,,,,,,,18.93
1845-03-01,,,,,,,18.93
1845-04-01,,,,,,,18.93
1845-05-01,,,,,,,18.93
1845-06-01,,,,,,,18.93
1845-07-01,,,,,,,18.93
1845-08-01,,,,,,,18.93
1845-09-01,,,,,,,18.93
1845-10-01,,,,,,,18.93
1845-11-01,,,,,,,18.93
1845-12-01,,,,,,,18.93
1846-01-01,,,,,,,18.93
1846-02-01,,,,,,,18.93
1846-03-01,,,,,,,18.93
1846-04-01,,,,,,,18.93
1846-05-01,,,,,,,18.93
1846-06-01,,,,,,,18.93
1846-07-01,,,,,,,18.93
1846-08-01,,,,,,,18.93
1846-09-01,,,,,,,18.93
1846-10-01,,,,,,,18.93
1846-11-01,,,,,,,18.93
1846-12-01,,,,,,,18.93
1847-01-01,,,,,,,18.93
1847-02-01,,,,,,,18.93
1847-03-01,,,,,,,18.93
1847-04-01,,,,,,,18.93
1847-05-01,,,,,,,18.93
1847-06-01,,,,,,,18.93
1847-07-01,,,,,,,18.93
1847-08-01,,,,,,,18.93
1847-09-01,,,,,,,18.93
1847-10-01,,,,,,,18.93
1847-11-01,,,,,,,18.93
1847-12-01,,,,,,,18.93
1848-01-01,,,,,,,18.93
1848-02-01,,,,,,,18.93
1848-03-01,,,,,,,18.93
1848-04-01,,,,,,,18.93
1848-05-01,,,,,,,18.93
1848-06-01,,,,,,,18.93
1848-07-01,,,,,,,18.93
1848-08-01,,,,,,,18.93
1848-09-01,,,,,,,18.93
1848-10-01,,,,,,,18.93
1848-11-01,,,,,,,18.93
1848-12-01,,,,,,,18.93
1849-01-01,,,,,,,18.93
1849-02-01,,,,,,,18.93
1849-03-01,,,,,,,18.93
1849-04-01,,,,,,,18.93
1849-05-01,,,,,,,18.93
1849-06-01,,,,,,,18.93
1849-07-01,,,,,,,18.93
1849-08-01,,,,,,,18.93
1849-09-01,,,,,,,18.93
1849-10-01,,,,,,,18.93
1849-11-01,,,,,,,18.93
1849-12-01,,,,,,,18.93
1850-01-01,,,,,,,18.93
1850-02-01,,,,,,,18.93
1850-03-01,,,,,,,18.93
1850-04-01,,,,,,,18.93
1850-05-01,,,,,,,18.93
1850-06-01,,,,,,,18.93
1850-07-01,,,,,,,18.93
1850-08-01,,,,,,,18.93
1850-09-01,,,,,,,18.93
1850-10-01,,,,,,,18.93
1850-11-01,,,,,,,18.93
1850-12-01,,,,,,,18.93
1851-01-01,,,,,,,18.93
1851-02-01,,,,,,,18.93
1851-03-01,,,,,,,18.93
1851-04-01,,,,,,,18.93
1851-05-01,,,,,,,18.93
1851-06-01,,,,,,,18.93
1851-07-01,,,,,,,18.93
1851-08-01,,,,,,,18.93
1851-09-01,,,,,,,18.93
1851-10-01,,,,,,,18.93
1851-11-01,,,,,,,18.93
1851-12-01,,,,,,,18.93
1852-01-01,,,,,,,18.93
1852-02-01,,,,,,,18.93
1852-03-01,,,,,,,18.93
1852-04-01,,,,,,,18.93
1852-05-01,,,,,,,18.93
1852-06-01,,,,,,,18.93
1852-07-01,,,,,,,18.93
1852-08-01,,,,,,,18.93
1852-09-01,,,,,,,18.93
1852-10-01,,,,,,,18.93
1852-11-01,,,,,,,18.93
1852-12-01,,,,,,,18.93
1853-01-01,,,,,,,18.93
1853-02-01,,,,,,,18.93
1853-03-01,,,,,,,18.93
1853-04-01,,,,,,,18.93
1853-05-01,,,,,,,18.93
1853-06-01,,,,,,,18.93
1853-07-01,,,,,,,18.93
1853-08-01,,,,,,,18.93
1853-09-01,,,,,,,18.93
1853-10-01,,,,,,,18.93
1853-11-01,,,,,,,18.93
1853-12-01,,,,,,,18.93
1854-01-01,,,,,,,18.93
1854-02-01,,,,,,,18.93
1854-03-01,,,,,,,18.93
1854-04-01,,,,,,,18.93
1854-05-01,,,,,,,18.93
1854-06-01,,,,,,,18.93
1854-07-01,,,,,,,18.93
1854-08-01,,,,,,,18.93
1854-09-01,,,,,,,18.93
1854-10-01,,,,,,,18.93
1854-11-01,,,,,,,18.93
1854-12-01,,,,,,,18.93
1855-01-01,,,,,,,18.93
1855-02-01,,,,,,,18.93
1855-03-01,,,,,,,18.93
1855-04-01,,,,,,,18.93
1855-05-01,,,,,,,18.93
1855-06-01,,,,,,,18.93
1855-07-01,,,,,,,18.93
1855-08-01,,,,,,,18.93
1855-09-01,,,,,,,18.93
1855-10-01,,,,,,,18.93
1855-11-01,,,,,,,18.93
1855-12-01,,,,,,,18.93
1856-01-01,,,,,,,18.93
1856-02-01,,,,,,,18.93
1856-03-01,,,,,,,18.93
1856-04-01,,,,,,,18.93
1856-05-01,,,,,,,18.93
1856-06-01,,,,,,,18.93
1856-07-01,,,,,,,18.93
1856-08-01,,,,,,,18.93
1856-09-01,,,,,,,18.93
1856-10-01,,,,,,,18.93
1856-11-01,,,,,,,18.93
1856-12-01,,,,,,,18.93
1857-01-01,,,,,,,18.93
1857-02-01,,,,,,,18.93
1857-03-01,,,,,,,18.93
1857-04-01,,,,,,,18.93
1857-05-01,,,,,,,18.93
1857-06-01,,,,,,,18.93
1857-07-01,,,,,,,18.93
1857-08-01,,,,,,,18.93
1857-09-01,,,,,,,18.93
1857-10-01,,,,,,,18.93
1857-11-01,,,,,,,18.93
1857-12-01,,,,,,,18.93
1858-01-01,,,,,,,18.93
1858-02-01,,,,,,,18.93
1858-03-01,,,,,,,18.93
1858-04-01,,,,,,,18.93
1858-05-01,,,,,,,18.93
1858-06-01,,,,,,,18.93
1858-07-01,,,,,,,18.93
1858-08-01,,,,,,,18.93
1858-09-01,,,,,,,18.93
1858-10-01,,,,,,,18.93
1858-11-01,,,,,,,18.93
1858-12-01,,,,,,,18.93
1859-01-01,,,,,,,18.93
1859-02-01,,,,,,,18.93
1859-03-01,,,,,,,18.93
1859-04-01,,,,,,,18.93
1859-05-01,,,,,,,18.93
1859-06-01,,,,,,,18.93
1859-07-01,,,,,,,18.93
1859-08-01,,,,,,,18.93
1859-09-01,,,,,,,18.93
1859-10-01,,,,,,,18.93
1859-11-01,,,,,,,18.93
1859-12-01,,,,,,,18.93
1860-01-01,,,,,,,18.93
1860-02-01,,,,,,,18.93
1860-03-01,,,,,,,18.93
1860-04-01,,,,,,,18.93
1860-05-01,,,,,,,18.93
1860-06-01,,,,,,,18.93
1860-07-01,,,,,,,18.93
1860-08-01,,,,,,,18.93
1860-09-01,,,,,,,18.93
1860-10-01,,,,,,,18.93
1860-11-01,,,,,,,18.93
1860-12-01,,,,,,,18.93
1861-01-01,,,,,,,18.93
1861-02-01,,,,,,,18.93
1861-03-01,,,,,,,18.93
1861-04-01,,,,,,,18.93
1861-05-01,,,,,,,18.93
1861-06-01,,,,,,,18.93
1861-07-01,,,,,,,18.93
1861-08-01,,,,,,,18.93
1861-09-01,,,,,,,18.93
1861-10-01,,,,,,,18.93
1861-11-01,,,,,,,18.93
1861-12-01,,,,,,,18.93
1862-01-01,,,,,,,18.93
1862-02-01,,,,,,,18.93
1862-03-01,,,,,,,18.93
1862-04-01,,,,,,,18.93
1862-05-01,,,,,,,18.93
1862-06-01,,,,,,,18.93
1862-07-01,,,,,,,18.93
1862-08-01,,,,,,,18.93
1862-09-01,,,,,,,18.93
1862-10-01,,,,,,,18.93
1862-11-01,,,,,,,18.93
1862-12-01,,,,,,,18.93
1863-01-01,,,,,,,18.93
1863-02-01,,,,,,,18.93
1863-03-01,,,,,,,18.93
1863-04-01,,,,,,,18.93
1863-05-01,,,,,,,18.93
1863-06-01,,,,,,,18.93
1863-07-01,,,,,,,18.93
1863-08-01,,,,,,,18.93
1863-09-01,,,,,,,18.93
1863-10-01,,,,,,,18.93
1863-11-01,,,,,,,18.93
1863-12-01,,,,,,,18.93
1864-01-01,,,,,,,18.93
1864-02-01,,,,,,,18.93
1864-03-01,,,,,,,18.93
1864-04-01,,,,,,,18.93
1864-05-01,,,,,,,18.93
1864-06-01,,,,,,,18.93
1864-07-01,,,,,,,18.93
1864-08-01,,,,,,,18.93
1864-09-01,,,,,,,18.93
1864-10-01,,,,,,,18.93
1864-11-01,,,,,,,18.93
1864-12-01,,,,,,,18.93
1865-01-01,,,,,,,18.93
1865-02-01,,,,,,,18.93
1865-03-01,,,,,,,18.93
1865-04-01,,,,,,,18.93
1865-05-01,,,,,,,18.93
1865-06-01,,,,,,,18.93
1865-07-01,,,,,,,18.93
1865-08-01,,,,,,,18.93
1865-09-01,,,,,,,18.93
1865-10-01,,,,,,,18.93
1865-11-01,,,,,,,18.93
1865-12-01,,,,,,,18.93
1866-01-01,,,,,,,18.93
1866-02-01,,,,,,,18.93
1866-03-01,,,,,,,18.93
1866-04-01,,,,,,,18.93
1866-05-01,,,,,,,18.93
1866-06-01,,,,,,,18.93
1866-07-01,,,,,,,18.93
1866-08-01,,,,,,,18.93
1866-09-01,,,,,,,18.93
1866-10-01,,,,,,,18.93
1866-11-01,,,,,,,18.93
1866-12-01,,,,,,,18.93
1867-01-01,,,,,,,18.93
1867-02-01,,,,,,,18.93
1867-03-01,,,,,,,18.93
1867-04-01,,,,,,,18.93
1867-05-01,,,,,,,18.93
1867-06-01,,,,,,,18.93
1867-07-01,,,,,,,18.93
1867-08-01,,,,,,,18.93
1867-09-01,,,,,,,18.93
1867-10-01,,,,,,,18.93
1867-11-01,,,,,,,18.93
1867-12-01,,,,,,,18.93
1868-01-01,,,,,,,18.93
1868-02-01,,,,,,,18.93
1868-03-01,,,,,,,18.93
1868-04-01,,,,,,,18.93
1868-05-01,,,,,,,18.93
1868-06-01,,,,,,,18.93
1868-07-01,,,,,,,18.93
1868-08-01,,,,,,,18.93
1868-09-01,,,,,,,18.93
1868-10-01,,,,,,,18.93
1868-11-01,,,,,,,18.93
1868-12-01,,,,,,,18.93
1869-01-01,,,,,,,18.93
1869-02-01,,,,,,,18.93
1869-03-01,,,,,,,18.93
1869-04-01,,,,,,,18.93
1869-05-01,,,,,,,18.93
1869-06-01,,,,,,,18.93
1869-07-01,,,,,,,18.93
1869-08-01,,,,,,,18.93
1869-09-01,,,,,,,18.93
1869-10-01,,,,,,,18.93
1869-11-01,,,,,,,18.93
1869-12-01,,,,,,,18.93
1870-01-01,,,,,,,18.93
1870-02-01,,,,,,,18.93
1870-03-01,,,,,,,18.93
1870-04-01,,,,,,,18.93
1870-05-01,,,,,,,18.93
1870-06-01,,,,,,,18.93
1870-07-01,,,,,,,18.93
1870-08-01,,,,,,,18.93
1870-09-01,,,,,,,18.93
1870-10-01,,,,,,,18.93
1870-11-01,,,,,,,18.93
1870-12-01,,,,,,,18.93
1871-01-01,,,,,,,18.93
1871-02-01,,,,,,,18.93
1871-03-01,,,,,,,18.93
1871-04-01,,,,,,,18.93
1871-05-01,,,,,,,18.93
1871-06-01,,,,,,,18.93
1871-07-01,,,,,,,18.93
1871-08-01,,,,,,,18.93
1871-09-01,,,,,,,18.93
1871-10-01,,,,,,,18.93
1871-11-01,,,,,,,18.93
1871-12-01,,,,,,,18.93
1872-01-01,,,,,,,18.94
1872-02-01,,,,,,,18.94
1872-03-01,,,,,,,18.94
1872-04-01,,,,,,,18.94
1872-05-01,,,,,,,18.94
1872-06-01,,,,,,,18.94
1872-07-01,,,,,,,18.94
1872-08-01,,,,,,,18.94
1872-09-01,,,,,,,18.94
1872-10-01,,,,,,,18.94
1872-11-01,,,,,,,18.94
1872-12-01,,,,,,,18.94
1873-01-01,,,,,,,18.94
1873-02-01,,,,,,,18.94
1873-03-01,,,,,,,18.94
1873-04-01,,,,,,,18.94
1873-05-01,,,,,,,18.94
1873-06-01,,,,,,,18.94
1873-07-01,,,,,,,18.94
1873-08-01,,,,,,,18.94
1873-09-01,,,,,,,18.94
1873-10-01,,,,,,,18.94
1873-11-01,,,,,,,18.94
1873-12-01,,,,,,,18.94
1874-01-01,,,,,,,18.94
1874-02-01,,,,,,,18.94
1874-03-01,,,,,,,18.94
1874-04-01,,,,,,,18.94
1874-05-01,,,,,,,18.94
1874-06-01,,,,,,,18.94
1874-07-01,,,,,,,18.94
1874-08-01,,,,,,,18.94
1874-09-01,,,,,,,18.94
1874-10-01,,,,,,,18.94
1874-11-01,,,,,,,18.94
1874-12-01,,,,,,,18.94
1875-01-01,,,,,,,18.94
1875-02-01,,,,,,,18.94
1875-03-01,,,,,,,18.94
1875-04-01,,,,,,,18.94
1875-05-01,,,,,,,18.94
1875-06-01,,,,,,,18.94
1875-07-01,,,,,,,18.94
1875-08-01,,,,,,,18.94
1875-09-01,,,,,,,18.94
1875-10-01,,,,,,,18.94
1875-11-01,,,,,,,18.94
1875-12-01,,,,,,,18.94
1876-01-01,,,,,,,18.94
1876-02-01,,,,,,,18.94
1876-03-01,,,,,,,18.94
1876-04-01,,,,,,,18.94
1876-05-01,,,,,,,18.94
1876-06-01,,,,,,,18.94
1876-07-01,,,,,,,18.94
1876-08-01,,,,,,,18.94
1876-09-01,,,,,,,18.94
1876-10-01,,,,,,,18.94
1876-11-01,,,,,,,18.94
1876-12-01,,,,,,,18.94
1877-01-01,,,,,,,18.94
1877-02-01,,,,,,,18.94
1877-03-01,,,,,,,18.94
1877-04-01,,,,,,,18.94
1877-05-01,,,,,,,18.94
1877-06-01,,,,,,,18.94
1877-07-01,,,,,,,18.94
1877-08-01,,,,,,,18.94
1877-09-01,,,,,,,18.94
1877-10-01,,,,,,,18.94
1877-11-01,,,,,,,18.94
1877-12-01,,,,,,,18.94
1878-01-01,,,,,,,18.94
1878-02-01,,,,,,,18.94
1878-03-01,,,,,,,18.94
1878-04-01,,,,,,,18.94
1878-05-01,,,,,,,18.94
1878-06-01,,,,,,,18.94
1878-07-01,,,,,,,18.94
1878-08-01,,,,,,,18.94
1878-09-01,,,,,,,18.94
1878-10-01,,,,,,,18.94
1878-11-01,,,,,,,18.94
1878-12-01,,,,,,,18.94
1879-01-01,,,,,,,18.94
1879-02-01,,,,,,,18.94
1879-03-01,,,,,,,18.94
1879-04-01,,,,,,,18.94
1879-05-01,,,,,,,18.94
1879-06-01,,,,,,,18.94
1879-07-01,,,,,,,18.94
1879-08-01,,,,,,,18.94
1879-09-01,,,,,,,18.94
1879-10-01,,,,,,,18.94
1879-11-01,,,,,,,18.94
1879-12-01,,,,,,,18.94
1880-01-01,,,,,,,18.94
1880-02-01,,,,,,,18.94
1880-03-01,,,,,,,18.94
1880-04-01,,,,,,,18.94
1880-05-01,,,,,,,18.94
1880-06-01,,,,,,,18.94
1880-07-01,,,,,,,18.94
1880-08-01,,,,,,,18.94
1880-09-01,,,,,,,18.94
1880-10-01,,,,,,,18.94
1880-11-01,,,,,,,18.94
1880-12-01,,,,,,,18.94
1881-01-01,,,,,,,18.94
1881-02-01,,,,,,,18.94
1881-03-01,,,,,,,18.94
1881-04-01,,,,,,,18.94
1881-05-01,,,,,,,18.94
1881-06-01,,,,,,,18.94
1881-07-01,,,,,,,18.94
1881-08-01,,,,,,,18.94
1881-09-01,,,,,,,18.94
1881-10-01,,,,,,,18.94
1881-11-01,,,,,,,18.94
1881-12-01,,,,,,,18.94
1882-01-01,,,,,,,18.94
1882-02-01,,,,,,,18.94
1882-03-01,,,,,,,18.94
1882-04-01,,,,,,,18.94
1882-05-01,,,,,,,18.94
1882-06-01,,,,,,,18.94
1882-07-01,,,,,,,18.94
1882-08-01,,,,,,,18.94
1882-09-01,,,,,,,18.94
1882-10-01,,,,,,,18.94
1882-11-01,,,,,,,18.94
1882-12-01,,,,,,,18.94
1883-01-01,,,,,,,18.94
1883-02-01,,,,,,,18.94
1883-03-01,,,,,,,18.94
1883-04-01,,,,,,,18.94
1883-05-01,,,,,,,18.94
1883-06-01,,,,,,,18.94
1883-07-01,,,,,,,18.94
1883-08-01,,,,,,,18.94
1883-09-01,,,,,,,18.94
1883-10-01,,,,,,,18.94
1883-11-01,,,,,,,18.94
1883-12-01,,,,,,,18.94
1884-01-01,,,,,,,18.94
1884-02-01,,,,,,,18.94
1884-03-01,,,,,,,18.94
1884-04-01,,,,,,,18.94
1884-05-01,,,,,,,18.94
1884-06-01,,,,,,,18.94
1884-07-01,,,,,,,18.94
1884-08-01,,,,,,,18.94
1884-09-01,,,,,,,18.94
1884-10-01,,,,,,,18.94
1884-11-01,,,,,,,18.94
1884-12-01,,,,,,,18.94
1885-01-01,,,,,,,18.94
1885-02-01,,,,,,,18.94
1885-03-01,,,,,,,18.94
1885-04-01,,,,,,,18.94
1885-05-01,,,,,,,18.94
1885-06-01,,,,,,,18.94
1885-07-01,,,,,,,18.94
1885-08-01,,,,,,,18.94
1885-09-01,,,,,,,18.94
1885-10-01,,,,,,,18.94
1885-11-01,,,,,,,18.94
1885-12-01,,,,,,,18.94
1886-01-01,,,,,,,18.94
1886-02-01,,,,,,,18.94
1886-03-01,,,,,,,18.94
1886-04-01,,,,,,,18.94
1886-05-01,,,,,,,18.94
1886-06-01,,,,,,,18.94
1886-07-01,,,,,,,18.94
1886-08-01,,,,,,,18.94
1886-09-01,,,,,,,18.94
1886-10-01,,,,,,,18.94
1886-11-01,,,,,,,18.94
1886-12-01,,,,,,,18.94
1887-01-01,,,,,,,18.94
1887-02-01,,,,,,,18.94
1887-03-01,,,,,,,18.94
1887-04-01,,,,,,,18.94
1887-05-01,,,,,,,18.94
1887-06-01,,,,,,,18.94
1887-07-01,,,,,,,18.94
1887-08-01,,,,,,,18.94
1887-09-01,,,,,,,18.94
1887-10-01,,,,,,,18.94
1887-11-01,,,,,,,18.94
1887-12-01,,,,,,,18.94
1888-01-01,,,,,,,18.94
1888-02-01,,,,,,,18.94
1888-03-01,,,,,,,18.94
1888-04-01,,,,,,,18.94
1888-05-01,,,,,,,18.94
1888-06-01,,,,,,,18.94
1888-07-01,,,,,,,18.94
1888-08-01,,,,,,,18.94
1888-09-01,,,,,,,18.94
1888-10-01,,,,,,,18.94
1888-11-01,,,,,,,18.94
1888-12-01,,,,,,,18.94
1889-01-01,,,,,,,18.93
1889-02-01,,,,,,,18.93
1889-03-01,,,,,,,18.93
1889-04-01,,,,,,,18.93
1889-05-01,,,,,,,18.93
1889-06-01,,,,,,,18.93
1889-07-01,,,,,,,18.93
1889-08-01,,,,,,,18.93
1889-09-01,,,,,,,18.93
1889-10-01,,,,,,,18.93
1889-11-01,,,,,,,18.93
1889-12-01,,,,,,,18.93
1890-01-01,,,,,,,18.94
1890-02-01,,,,,,,18.94
1890-03-01,,,,,,,18.94
1890-04-01,,,,,,,18.94
1890-05-01,,,,,,,18.94
1890-06-01,,,,,,,18.94
1890-07-01,,,,,,,18.94
1890-08-01,,,,,,,18.94
1890-09-01,,,,,,,18.94
1890-10-01,,,,,,,18.94
1890-11-01,,,,,,,18.94
1890-12-01,,,,,,,18.94
1891-01-01,,,,,,,18.96
1891-02-01,,,,,,,18.96
1891-03-01,,,,,,,18.96
1891-04-01,,,,,,,18.96
1891-05-01,,,,,,,18.96
1891-06-01,,,,,,,18.96
1891-07-01,,,,,,,18.96
1891-08-01,,,,,,,18.96
1891-09-01,,,,,,,18.96
1891-10-01,,,,,,,18.96
1891-11-01,,,,,,,18.96
1891-12-01,,,,,,,18.96
1892-01-01,,,,,,,18.96
1892-02-01,,,,,,,18.96
1892-03-01,,,,,,,18.96
1892-04-01,,,,,,,18.96
1892-05-01,,,,,,,18.96
1892-06-01,,,,,,,18.96
1892-07-01,,,,,,,18.96
1892-08-01,,,,,,,18.96
1892-09-01,,,,,,,18.96
1892-10-01,,,,,,,18.96
1892-11-01,,,,,,,18.96
1892-12-01,,,,,,,18.96
1893-01-01,,,,,,,18.96
1893-02-01,,,,,,,18.96
1893-03-01,,,,,,,18.96
1893-04-01,,,,,,,18.96
1893-05-01,,,,,,,18.96
1893-06-01,,,,,,,18.96
1893-07-01,,,,,,,18.96
1893-08-01,,,,,,,18.96
1893-09-01,,,,,,,18.96
1893-10-01,,,,,,,18.96
1893-11-01,,,,,,,18.96
1893-12-01,,,,,,,18.96
1894-01-01,,,,,,,18.94
1894-02-01,,,,,,,18.94
1894-03-01,,,,,,,18.94
1894-04-01,,,,,,,18.94
1894-05-01,,,,,,,18.94
1894-06-01,,,,,,,18.94
1894-07-01,,,,,,,18.94
1894-08-01,,,,,,,18.94
1894-09-01,,,,,,,18.94
1894-10-01,,,,,,,18.94
1894-11-01,,,,,,,18.94
1894-12-01,,,,,,,18.94
1895-01-01,,,,,,,18.93
1895-02-01,,,,,,,18.93
1895-03-01,,,,,,,18.93
1895-04-01,,,,,,,18.93
1895-05-01,,,,,,,18.93
1895-06-01,,,,,,,18.93
1895-07-01,,,,,,,18.93
1895-08-01,,,,,,,18.93
1895-09-01,,,,,,,18.93
1895-10-01,,,,,,,18.93
1895-11-01,,,,,,,18.93
1895-12-01,,,,,,,18.93
1896-01-01,,,,,,,18.98
1896-02-01,,,,,,,18.98
1896-03-01,,,,,,,18.98
1896-04-01,,,,,,,18.98
1896-05-01,,,,,,,18.98
1896-06-01,,,,,,,18.98
1896-07-01,,,,,,,18.98
1896-08-01,,,,,,,18.98
1896-09-01,,,,,,,18.98
1896-10-01,,,,,,,18.98
1896-11-01,,,,,,,18.98
1896-12-01,,,,,,,18.98
1897-01-01,,,,,,,18.98
1897-02-01,,,,,,,18.98
1897-03-01,,,,,,,18.98
1897-04-01,,,,,,,18.98
1897-05-01,,,,,,,18.98
1897-06-01,,,,,,,18.98
1897-07-01,,,,,,,18.98
1897-08-01,,,,,,,18.98
1897-09-01,,,,,,,18.98
1897-10-01,,,,,,,18.98
1897-11-01,,,,,,,18.98
1897-12-01,,,,,,,18.98
1898-01-01,,,,,,,18.98
1898-02-01,,,,,,,18.98
1898-03-01,,,,,,,18.98
1898-04-01,,,,,,,18.98
1898-05-01,,,,,,,18.98
1898-06-01,,,,,,,18.98
1898-07-01,,,,,,,18.98
1898-08-01,,,,,,,18.98
1898-09-01,,,,,,,18.98
1898-10-01,,,,,,,18.98
1898-11-01,,,,,,,18.98
1898-12-01,,,,,,,18.98
1899-01-01,,,,,,,18.94
1899-02-01,,,,,,,18.94
1899-03-01,,,,,,,18.94
1899-04-01,,,,,,,18.94
1899-05-01,,,,,,,18.94
1899-06-01,,,,,,,18.94
1899-07-01,,,,,,,18.94
1899-08-01,,,,,,,18.94
1899-09-01,,,,,,,18.94
1899-10-01,,,,,,,18.94
1899-11-01,,,,,,,18.94
1899-12-01,,,,,,,18.94
1900-01-01,,,,,,,18.96
1900-02-01,,,,,,,18.96
1900-03-01,,,,,,,18.96
1900-04-01,,,,,,,18.96
1900-05-01,,,,,,,18.96
1900-06-01,,,,,,,18.96
1900-07-01,,,,,,,18.96
1900-08-01,,,,,,,18.96
1900-09-01,,,,,,,18.96
1900-10-01,,,,,,,18.96
1900-11-01,,,,,,,18.96
1900-12-01,,,,,,,18.96
1901-01-01,,,,,,,18.98
1901-02-01,,,,,,,18.98
1901-03-01,,,,,,,18.98
1901-04-01,,,,,,,18.98
1901-05-01,,,,,,,18.98
1901-06-01,,,,,,,18.98
1901-07-01,,,,,,,18.98
1901-08-01,,,,,,,18.98
1901-09-01,,,,,,,18.98
1901-10-01,,,,,,,18.98
1901-11-01,,,,,,,18.98
1901-12-01,,,,,,,18.98
1902-01-01,,,,,,,18.97
1902-02-01,,,,,,,18.97
1902-03-01,,,,,,,18.97
1902-04-01,,,,,,,18.97
1902-05-01,,,,,,,18.97
1902-06-01,,,,,,,18.97
1902-07-01,,,,,,,18.97
1902-08-01,,,,,,,18.97
1902-09-01,,,,,,,18.97
1902-10-01,,,,,,,18.97
1902-11-01,,,,,,,18.97
1902-12-01,,,,,,,18.97
1903-01-01,,,,,,,18.95
1903-02-01,,,,,,,18.95
1903-03-01,,,,,,,18.95
1903-04-01,,,,,,,18.95
1903-05-01,,,,,,,18.95
1903-06-01,,,,,,,18.95
1903-07-01,,,,,,,18.95
1903-08-01,,,,,,,18.95
1903-09-01,,,,,,,18.95
1903-10-01,,,,,,,18.95
1903-11-01,,,,,,,18.95
1903-12-01,,,,,,,18.95
1904-01-01,,,,,,,18.96
1904-02-01,,,,,,,18.96
1904-03-01,,,,,,,18.96
1904-04-01,,,,,,,18.96
1904-05-01,,,,,,,18.96
1904-06-01,,,,,,,18.96
1904-07-01,,,,,,,18.96
1904-08-01,,,,,,,18.96
1904-09-01,,,,,,,18.96
1904-10-01,,,,,,,18.96
1904-11-01,,,,,,,18.96
1904-12-01,,,,,,,18.96
1905-01-01,,,,,,,18.92
1905-02-01,,,,,,,18.92
1905-03-01,,,,,,,18.92
1905-04-01,,,,,,,18.92
1905-05-01,,,,,,,18.92
1905-06-01,,,,,,,18.92
1905-07-01,,,,,,,18.92
1905-08-01,,,,,,,18.92
1905-09-01,,,,,,,18.92
1905-10-01,,,,,,,18.92
1905-11-01,,,,,,,18.92
1905-12-01,,,,,,,18.92
1906-01-01,,,,,,,18.9
1906-02-01,,,,,,,18.9
1906-03-01,,,,,,,18.9
1906-04-01,,,,,,,18.9
1906-05-01,,,,,,,18.9
1906-06-01,,,,,,,18.9
1906-07-01,,,,,,,18.9
1906-08-01,,,,,,,18.9
1906-09-01,,,,,,,18.9
1906-10-01,,,,,,,18.9
1906-11-01,,,,,,,18.9
1906-12-01,,,,,,,18.9
1907-01-01,,,,,,,18.94
1907-02-01,,,,,,,18.94
1907-03-01,,,,,,,18.94
1907-04-01,,,,,,,18.94
1907-05-01,,,,,,,18.94
1907-06-01,,,,,,,18.94
1907-07-01,,,,,,,18.94
1907-08-01,,,,,,,18.94
1907-09-01,,,,,,,18.94
1907-10-01,,,,,,,18.94
1907-11-01,,,,,,,18.94
1907-12-01,,,,,,,18.94
1908-01-01,,,,,,,18.95
1908-02-01,,,,,,,18.95
1908-03-01,,,,,,,18.95
1908-04-01,,,,,,,18.95
1908-05-01,,,,,,,18.95
1908-06-01,,,,,,,18.95
1908-07-01,,,,,,,18.95
1908-08-01,,,,,,,18.95
1908-09-01,,,,,,,18.95
1908-10-01,,,,,,,18.95
1908-11-01,,,,,,,18.95
1908-12-01,,,,,,,18.95
1909-01-01,,,,,,,18.96
1909-02-01,,,,,,,18.96
1909-03-01,,,,,,,18.96
1909-04-01,,,,,,,18.96
1909-05-01,,,,,,,18.96
1909-06-01,,,,,,,18.96
1909-07-01,,,,,,,18.96
1909-08-01,,,,,,,18.96
1909-09-01,,,,,,,18.96
1909-10-01,,,,,,,18.96
1909-11-01,,,,,,,18.96
1909-12-01,,,,,,,18.96
1910-01-01,,,,,,,18.92
1910-02-01,,,,,,,18.92
1910-03-01,,,,,,,18.92
1910-04-01,,,,,,,18.92
1910-05-01,,,,,,,18.92
1910-06-01,,,,,,,18.92
1910-07-01,,,,,,,18.92
1910-08-01,,,,,,,18.92
1910-09-01,,,,,,,18.92
1910-10-01,,,,,,,18.92
1910-11-01,,,,,,,18.92
1910-12-01,,,,,,,18.92
1911-01-01,,,,,,,18.92
1911-02-01,,,,,,,18.92
1911-03-01,,,,,,,18.92
1911-04-01,,,,,,,18.92
1911-05-01,,,,,,,18.92
1911-06-01,,,,,,,18.92
1911-07-01,,,,,,,18.92
1911-08-01,,,,,,,18.92
1911-09-01,,,,,,,18.92
1911-10-01,,,,,,,18.92
1911-11-01,,,,,,,18.92
1911-12-01,,,,,,,18.92
1912-01-01,,,,,,,18.93
1912-02-01,,,,,,,18.93
1912-03-01,,,,,,,18.93
1912-04-01,,,,,,,18.93
1912-05-01,,,,,,,18.93
1912-06-01,,,,,,,18.93
1912-07-01,,,,,,,18.93
1912-08-01,,,,,,,18.93
1912-09-01,,,,,,,18.93
1912-10-01,,,,,,,18.93
1912-11-01,,,,,,,18.93
1912-12-01,,,,,,,18.93
1913-01-01,,,,,,,18.92
1913-02-01,,,,,,,18.92
1913-03-01,,,,,,,18.92
1913-04-01,,,,,,,18.92
1913-05-01,,,,,,,18.92
1913-06-01,,,,,,,18.92
1913-07-01,,,,,,,18.92
1913-08-01,,,,,,,18.92
1913-09-01,,,,,,,18.92
1913-10-01,,,,,,,18.92
1913-11-01,,,,,,,18.92
1913-12-01,,,,,,,18.92
1914-01-01,,,,,,,18.99
1914-02-01,,,,,,,18.99
1914-03-01,,,,,,,18.99
1914-04-01,,,,,,,18.99
1914-05-01,,,,,,,18.99
1914-06-01,,,,,,,18.99
1914-07-01,,,,,,,18.99
1914-08-01,,,,,,,18.99
1914-09-01,,,,,,,18.99
1914-10-01,,,,,,,18.99
1914-11-01,,,,,,,18.99
1914-12-01,,,,,,,18.99
1915-01-01,,,,,,,18.99
1915-02-01,,,,,,,18.99
1915-03-01,,,,,,,18.99
1915-04-01,,,,,,,18.99
1915-05-01,,,,,,,18.99
1915-06-01,,,,,,,18.99
1915-07-01,,,,,,,18.99
1915-08-01,,,,,,,18.99
1915-09-01,,,,,,,18.99
1915-10-01,,,,,,,18.99
1915-11-01,,,,,,,18.99
1915-12-01,,,,,,,18.99
1916-01-01,,,,,,,18.99
1916-02-01,,,,,,,18.99
1916-03-01,,,,,,,18.99
1916-04-01,,,,,,,18.99
1916-05-01,,,,,,,18.99
1916-06-01,,,,,,,18.99
1916-07-01,,,,,,,18.99
1916-08-01,,,,,,,18.99
1916-09-01,,,,,,,18.99
1916-10-01,,,,,,,18.99
1916-11-01,,,,,,,18.99
1916-12-01,,,,,,,18.99
1917-01-01,,,,,,,18.99
1917-02-01,,,,,,,18.99
1917-03-01,,,,,,,18.99
1917-04-01,,,,,,,18.99
1917-05-01,,,,,,,18.99
1917-06-01,,,,,,,18.99
1917-07-01,,,,,,,18.99
1917-08-01,,,,,,,18.99
1917-09-01,,,,,,,18.99
1917-10-01,,,,,,,18.99
1917-11-01,,,,,,,18.99
1917-12-01,,,,,,,18.99
1918-01-01,,,,,,,18.99
1918-02-01,,,,,,,18.99
1918-03-01,,,,,,,18.99
1918-04-01,,,,,,,18.99
1918-05-01,,,,,,,18.99
1918-06-01,,,,,,,18.99
1918-07-01,,,,,,,18.99
1918-08-01,,,,,,,18.99
1918-09-01,,,,,,,18.99
1918-10-01,,,,,,,18.99
1918-11-01,,,,,,,18.99
1918-12-01,,,,,,,18.99
1919-01-01,,,,,,,19.95
1919-02-01,,,,,,,19.95
1919-03-01,,,,,,,19.95
1919-04-01,,,,,,,19.95
1919-05-01,,,,,,,19.95
1919-06-01,,,,,,,19.95
1919-07-01,,,,,,,19.95
1919-08-01,,,,,,,19.95
1919-09-01,,,,,,,19.95
1919-10-01,,,,,,,19.95
1919-11-01,,,,,,,19.95
1919-12-01,,,,,,,19.95
1920-01-01,,,,,,,20.68
1920-02-01,,,,,,,20.68
1920-03-01,,,,,,,20.68
1920-04-01,,,,,,,20.68
1920-05-01,,,,,,,20.68
1920-06-01,,,,,,,20.68
1920-07-01,,,,,,,20.68
1920-08-01,,,,,,,20.68
1920-09-01,,,,,,,20.68
1920-10-01,,,,,,,20.68
1920-11-01,,,,,,,20.68
1920-12-01,,,,,,,20.68
1921-01-01,,,,,,,20.58
1921-02-01,,,,,,,20.58
1921-03-01,,,,,,,20.58
1921-04-01,,,,,,,20.58
1921-05-01,,,,,,,20.58
1921-06-01,,,,,,,20.58
1921-07-01,,,,,,,20.58
1921-08-01,,,,,,,20.58
1921-09-01,,,,,,,20.58
1921-10-01,,,,,,,20.58
1921-11-01,,,,,,,20.58
1921-12-01,,,,,,,20.58
1922-01-01,,,,,,,20.66
1922-02-01,,,,,,,20.66
1922-03-01,,,,,,,20.66
1922-04-01,,,,,,,20.66
1922-05-01,,,,,,,20.66
1922-06-01,,,,,,,20.66
1922-07-01,,,,,,,20.66
1922-08-01,,,,,,,20.66
1922-09-01,,,,,,,20.66
1922-10-01,,,,,,,20.66
1922-11-01,,,,,,,20.66
1922-12-01,,,,,,,20.66
1923-01-01,,,,,,,21.32
1923-02-01,,,,,,,21.32
1923-03-01,,,,,,,21.32
1923-04-01,,,,,,,21.32
1923-05-01,,,,,,,21.32
1923-06-01,,,,,,,21.32
1923-07-01,,,,,,,21.32
1923-08-01,,,,,,,21.32
1923-09-01,,,,,,,21.32
1923-10-01,,,,,,,21.32
1923-11-01,,,,,,,21.32
1923-12-01,,,,,,,21.32
1924-01-01,,,,,,,20.69
1924-02-01,,,,,,,20.69
1924-03-01,,,,,,,20.69
1924-04-01,,,,,,,20.69
1924-05-01,,,,,,,20.69
1924-06-01,,,,,,,20.69
1924-07-01,,,,,,,20.69
1924-08-01,,,,,,,20.69
1924-09-01,,,,,,,20.69
1924-10-01,,,,,,,20.69
1924-11-01,,,,,,,20.69
1924-12-01,,,,,,,20.69
1925-01-01,,,,,,,20.64
1925-02-01,,,,,,,20.64
1925-03-01,,,,,,,20.64
1925-04-01,,,,,,,20.64
1925-05-01,,,,,,,20.64
1925-06-01,,,,,,,20.64
1925-07-01,,,,,,,20.64
1925-08-01,,,,,,,20.64
1925-09-01,,,,,,,20.64
1925-10-01,,,,,,,20.64
1925-11-01,,,,,,,20.64
1925-12-01,,,,,,,20.64
1926-01-01,,,,,,,20.63
1926-02-01,,,,,,,20.63
1926-03-01,,,,,,,20.63
1926-04-01,,,,,,,20.63
1926-05-01,,,,,,,20.63
1926-06-01,,,,,,,20.63
1926-07-01,,,,,,,20.63
1926-08-01,,,,,,,20.63
1926-09-01,,,,,,,20.63
1926-10-01,,,,,,,20.63
1926-11-01,,,,,,,20.63
1926-12-01,,,,,,,20.63
1927-01-01,,,,,,,20.64
1927-02-01,,,,,,,20.64
1927-03-01,,,,,,,20.64
1927-04-01,,,,,,,20.64
1927-05-01,,,,,,,20.64
1927-06-01,,,,,,,20.64
1927-07-01,,,,,,,20.64
1927-08-01,,,,,,,20.64
1927-09-01,,,,,,,20.64
1927-10-01,,,,,,,20.64
1927-11-01,,,,,,,20.64
1927-12-01,,,,,,,20.64
1928-01-01,,,,,,,20.66
1928-02-01,,,,,,,20.66
1928-03-01,,,,,,,20.66
1928-04-01,,,,,,,20.66
1928-05-01,,,,,,,20.66
1928-06-01,,,,,,,20.66
1928-07-01,,,,,,,20.66
1928-08-01,,,,,,,20.66
1928-09-01,,,,,,,20.66
1928-10-01,,,,,,,20.66
1928-11-01,,,,,,,20.66
1928-12-01,,,,,,,20.66
1929-01-01,,,,,,,20.63
1929-02-01,,,,,,,20.63
1929-03-01,,,,,,,20.63
1929-04-01,,,,,,,20.63
1929-05-01,,,,,,,20.63
1929-06-01,,,,,,,20.63
1929-07-01,,,,,,,20.63
1929-08-01,,,,,,,20.63
1929-09-01,,,,,,,20.63
1929-10-01,,,,,,,20.63
1929-11-01,,,,,,,20.63
1929-12-01,,,,,,,20.63
1930-01-01,,,,,,,20.65
1930-02-01,,,,,,,20.65
1930-03-01,,,,,,,20.65
1930-04-01,,,,,,,20.65
1930-05-01,,,,,,,20.65
1930-06-01,,,,,,,20.65
1930-07-01,,,,,,,20.65
1930-08-01,,,,,,,20.65
1930-09-01,,,,,,,20.65
1930-10-01,,,,,,,20.65
1930-11-01,,,,,,,20.65
1930-12-01,,,,,,,20.65
1931-01-01,,,,,,,17.06
1931-02-01,,,,,,,17.06
1931-03-01,,,,,,,17.06
1931-04-01,,,,,,,17.06
1931-05-01,,,,,,,17.06
1931-06-01,,,,,,,17.06
1931-07-01,,,,,,,17.06
1931-08-01,,,,,,,17.06
1931-09-01,,,,,,,17.06
1931-10-01,,,,,,,17.06
1931-11-01,,,,,,,17.06
1931-12-01,,,,,,,17.06
1932-01-01,,,,,,,20.69
1932-02-01,,,,,,,20.69
1932-03-01,,,,,,,20.69
1932-04-01,,,,,,,20.69
1932-05-01,,,,,,,20.69
1932-06-01,,,,,,,20.69
1932-07-01,,,,,,,20.69
1932-08-01,,,,,,,20.69
1932-09-01,,,,,,,20.69
1932-10-01,,,,,,,20.69
1932-11-01,,,,,,,20.69
1932-12-01,,,,,,,20.69
1933-01-01,,,,,,,26.33
1933-02-01,,,,,,,26.33
1933-03-01,,,,,,,26.33
1933-04-01,,,,,,,26.33
1933-05-01,,,,,,,26.33
1933-06-01,,,,,,,26.33
1933-07-01,,,,,,,26.33
1933-08-01,,,,,,,26.33
1933-09-01,,,,,,,26.33
1933-10-01,,,,,,,26.33
1933-11-01,,,,,,,26.33
1933-12-01,,,,,,,26.33
1934-01-01,,,,,,,34.69
1934-02-01,,,,,,,34.69
1934-03-01,,,,,,,34.69
1934-04-01,,,,,,,34.69
1934-05-01,,,,,,,34.69
1934-06-01,,,,,,,34.69
1934-07-01,,,,,,,34.69
1934-08-01,,,,,,,34.69
1934-09-01,,,,,,,34.69
1934-10-01,,,,,,,34.69
1934-11-01,,,,,,,34.69
1934-12-01,,,,,,,34.69
1935-01-01,,,,,,,34.84
1935-02-01,,,,,,,34.84
1935-03-01,,,,,,,34.84
1935-04-01,,,,,,,34.84
1935-05-01,,,,,,,34.84
1935-06-01,,,,,,,34.84
1935-07-01,,,,,,,34.84
1935-08-01,,,,,,,34.84
1935-09-01,,,,,,,34.84
1935-10-01,,,,,,,34.84
1935-11-01,,,,,,,34.84
1935-12-01,,,,,,,34.84
1936-01-01,,,,,,,34.87
1936-02-01,,,,,,,34.87
1936-03-01,,,,,,,34.87
1936-04-01,,,,,,,34.87
1936-05-01,,,,,,,34.87
1936-06-01,,,,,,,34.87
1936-07-01,,,,,,,34.87
1936-08-01,,,,,,,34.87
1936-09-01,,,,,,,34.87
1936-10-01,,,,,,,34.87
1936-11-01,,,,,,,34.87
1936-12-01,,,,,,,34.87
1937-01-01,,,,,,,34.79
1937-02-01,,,,,,,34.79
1937-03-01,,,,,,,34.79
1937-04-01,,,,,,,34.79
1937-05-01,,,,,,,34.79
1937-06-01,,,,,,,34.79
1937-07-01,,,,,,,34.79
1937-08-01,,,,,,,34.79
1937-09-01,,,,,,,34.79
1937-10-01,,,,,,,34.79
1937-11-01,,,,,,,34.79
1937-12-01,,,,,,,34.79
1938-01-01,,,,,,,34.85
1938-02-01,,,,,,,34.85
1938-03-01,,,,,,,34.85
1938-04-01,,,,,,,34.85
1938-05-01,,,,,,,34.85
1938-06-01,,,,,,,34.85
1938-07-01,,,,,,,34.85
1938-08-01,,,,,,,34.85
1938-09-01,,,,,,,34.85
1938-10-01,,,,,,,34.85
1938-11-01,,,,,,,34.85
1938-12-01,,,,,,,34.85
1939-01-01,,,,,,,34.42
1939-02-01,,,,,,,34.42
1939-03-01,,,,,,,34.42
1939-04-01,,,,,,,34.42
1939-05-01,,,,,,,34.42
1939-06-01,,,,,,,34.42
1939-07-01,,,,,,,34.42
1939-08-01,,,,,,,34.42
1939-09-01,,,,,,,34.42
1939-10-01,,,,,,,34.42
1939-11-01,,,,,,,34.42
1939-12-01,,,,,,,34.42
1940-01-01,,,,,,,33.85
1940-02-01,,,,,,,33.85
1940-03-01,,,,,,,33.85
1940-04-01,,,,,,,33.85
1940-05-01,,,,,,,33.85
1940-06-01,,,,,,,33.85
1940-07-01,,,,,,,33.85
1940-08-01,,,,,,,33.85
1940-09-01,,,,,,,33.85
1940-10-01,,,,,,,33.85
1940-11-01,,,,,,,33.85
1940-12-01,,,,,,,33.85
1941-01-01,,,,,,,33.85
1941-02-01,,,,,,,33.85
1941-03-01,,,,,,,33.85
1941-04-01,,,,,,,33.85
1941-05-01,,,,,,,33.85
1941-06-01,,,,,,,33.85
1941-07-01,,,,,,,33.85
1941-08-01,,,,,,,33.85
1941-09-01,,,,,,,33.85
1941-10-01,,,,,,,33.85
1941-11-01,,,,,,,33.85
1941-12-01,,,,,,,33.85
1942-01-01,,,,,,,33.85
1942-02-01,,,,,,,33.85
1942-03-01,,,,,,,33.85
1942-04-01,,,,,,,33.85
1942-05-01,,,,,,,33.85
1942-06-01,,,,,,,33.85
1942-07-01,,,,,,,33.85
1942-08-01,,,,,,,33.85
1942-09-01,,,,,,,33.85
1942-10-01,,,,,,,33.85
1942-11-01,,,,,,,33.85
1942-12-01,,,,,,,33.85
1943-01-01,,,,,,,33.85
1943-02-01,,,,,,,33.85
1943-03-01,,,,,,,33.85
1943-04-01,,,,,,,33.85
1943-05-01,,,,,,,33.85
1943-06-01,,,,,,,33.85
1943-07-01,,,,,,,33.85
1943-08-01,,,,,,,33.85
1943-09-01,,,,,,,33.85
1943-10-01,,,,,,,33.85
1943-11-01,,,,,,,33.85
1943-12-01,,,,,,,33.85
1944-01-01,,,,,,,33.85
1944-02-01,,,,,,,33.85
1944-03-01,,,,,,,33.85
1944-04-01,,,,,,,33.85
1944-05-01,,,,,,,33.85
1944-06-01,,,,,,,33.85
1944-07-01,,,,,,,33.85
1944-08-01,,,,,,,33.85
1944-09-01,,,,,,,33.85
1944-10-01,,,,,,,33.85
1944-11-01,,,,,,,33.85
1944-12-01,,,,,,,33.85
1945-01-01,,,,,,,34.71
1945-02-01,,,,,,,34.71
1945-03-01,,,,,,,34.71
1945-04-01,,,,,,,34.71
1945-05-01,,,,,,,34.71
1945-06-01,,,,,,,34.71
1945-07-01,,,,,,,34.71
1945-08-01,,,,,,,34.71
1945-09-01,,,,,,,34.71
1945-10-01,,,,,,,34.71
1945-11-01,,,,,,,34.71
1945-12-01,,,,,,,34.71
1946-01-01,,,,,,,34.71
1946-02-01,,,,,,,34.71
1946-03-01,,,,,,,34.71
1946-04-01,,,,,,,34.71
1946-05-01,,,,,,,34.71
1946-06-01,,,,,,,34.71
1946-07-01,,,,,,,34.71
1946-08-01,,,,,,,34.71
1946-09-01,,,,,,,34.71
1946-10-01,,,,,,,34.71
1946-11-01,,,,,,,34.71
1946-12-01,,,,,,,34.71
1947-01-01,,,,,,,34.71
1947-02-01,,,,,,,34.71
1947-03-01,,,,,,,34.71
1947-04-01,,,,,,,34.71
1947-05-01,,,,,,,34.71
1947-06-01,,,,,,,34.71
1947-07-01,,,,,,,34.71
1947-08-01,,,,,,,34.71
1947-09-01,,,,,,,34.71
1947-10-01,,,,,,,34.71
1947-11-01,,,,,,,34.71
1947-12-01,,,,,,,34.71
1948-01-01,,,,,,,34.71
1948-02-01,,,,,,,34.71
1948-03-01,,,,,,,34.71
1948-04-01,,,,,,,34.71
1948-05-01,,,,,,,34.71
1948-06-01,,,,,,,34.71
1948-07-01,,,,,,,34.71
1948-08-01,,,,,,,34.71
1948-09-01,,,,,,,34.71
1948-10-01,,,,,,,34.71
1948-11-01,,,,,,,34.71
1948-12-01,,,,,,,34.71
1949-01-01,,,,,,,31.69
1949-02-01,,,,,,,31.69
1949-03-01,,,,,,,31.69
1949-04-01,,,,,,,31.69
1949-05-01,,,,,,,31.69
1949-06-01,,,,,,,31.69
1949-07-01,,,,,,,31.69
1949-08-01,,,,,,,31.69
1949-09-01,,,,,,,31.69
1949-10-01,,,,,,,31.69
1949-11-01,,,,,,,31.69
1949-12-01,,,,,,,31.69
1950-01-01,,,,,,,34.72
1950-02-01,,,,,,,34.72
1950-03-01,,,,,,,34.72
1950-04-01,,,,,,,34.72
1950-05-01,,,,,,,34.72
1950-06-01,,,,,,,34.72
1950-07-01,,,,,,,34.72
1950-08-01,,,,,,,34.72
1950-09-01,,,,,,,34.72
1950-10-01,,,,,,,34.72
1950-11-01,,,,,,,34.72
1950-12-01,,,,,,,34.72
1951-01-01,,,,,,,34.72
1951-02-01,,,,,,,34.72
1951-03-01,,,,,,,34.72
1951-04-01,,,,,,,34.72
1951-05-01,,,,,,,34.72
1951-06-01,,,,,,,34.72
1951-07-01,,,,,,,34.72
1951-08-01,,,,,,,34.72
1951-09-01,,,,,,,34.72
1951-10-01,,,,,,,34.72
1951-11-01,,,,,,,34.72
1951-12-01,,,,,,,34.72
1952-01-01,,,,,,,34.6
1952-02-01,,,,,,,34.6
1952-03-01,,,,,,,34.6
1952-04-01,,,,,,,34.6
1952-05-01,,,,,,,34.6
1952-06-01,,,,,,,34.6
1952-07-01,,,,,,,34.6
1952-08-01,,,,,,,34.6
1952-09-01,,,,,,,34.6
1952-10-01,,,,,,,34.6
1952-11-01,,,,,,,34.6
1952-12-01,,,,,,,34.6
1953-01-01,,,,,,,34.84
1953-02-01,,,,,,,34.84
1953-03-01,,,,,,,34.84
1953-04-01,,,,,,,34.84
1953-05-01,,,,,,,34.84
1953-06-01,,,,,,,34.84
1953-07-01,,,,,,,34.84
1953-08-01,,,,,,,34.84
1953-09-01,,,,,,,34.84
1953-10-01,,,,,,,34.84
1953-11-01,,,,,,,34.84
1953-12-01,,,,,,,34.84
1954-01-01,,,,,,,35.04
1954-02-01,,,,,,,35.04
1954-03-01,,,,,,,35.04
1954-04-01,,,,,,,35.04
1954-05-01,,,,,,,35.04
1954-06-01,,,,,,,35.04
1954-07-01,,,,,,,35.04
1954-08-01,,,,,,,35.04
1954-09-01,,,,,,,35.04
1954-10-01,,,,,,,35.04
1954-11-01,,,,,,,35.04
1954-12-01,,,,,,,35.04
1955-01-01,,,,,,,35.03
1955-02-01,,,,,,,35.03
1955-03-01,,,,,,,35.03
1955-04-01,,,,,,,35.03
1955-05-01,,,,,,,35.03
1955-06-01,,,,,,,35.03
1955-07-01,,,,,,,35.03
1955-08-01,,,,,,,35.03
1955-09-01,,,,,,,35.03
1955-10-01,,,,,,,35.03
1955-11-01,,,,,,,35.03
1955-12-01,,,,,,,35.03
1956-01-01,,,,,,,34.99
1956-02-01,,,,,,,34.99
1956-03-01,,,,,,,34.99
1956-04-01,,,,,,,34.99
1956-05-01,,,,,,,34.99
1956-06-01,,,,,,,34.99
1956-07-01,,,,,,,34.99
1956-08-01,,,,,,,34.99
1956-09-01,,,,,,,34.99
1956-10-01,,,,,,,34.99
1956-11-01,,,,,,,34.99
1956-12-01,,,,,,,34.99
1957-01-01,,,,,,,34.95
1957-02-01,,,,,,,34.95
1957-03-01,,,,,,,34.95
1957-04-01,,,,,,,34.95
1957-05-01,,,,,,,34.95
1957-06-01,,,,,,,34.95
1957-07-01,,,,,,,34.95
1957-08-01,,,,,,,34.95
1957-09-01,,,,,,,34.95
1957-10-01,,,,,,,34.95
1957-11-01,,,,,,,34.95
1957-12-01,,,,,,,34.95
1958-01-01,,,,,,,35.1
1958-02-01,,,,,,,35.1
1958-03-01,,,,,,,35.1
1958-04-01,,,,,,,35.1
1958-05-01,,,,,,,35.1
1958-06-01,,,,,,,35.1
1958-07-01,,,,,,,35.1
1958-08-01,,,,,,,35.1
1958-09-01,,,,,,,35.1
1958-10-01,,,,,,,35.1
1958-11-01,,,,,,,35.1
1958-12-01,,,,,,,35.1
1959-01-01,,,,,,,35.1
1959-02-01,,,,,,,35.1
1959-03-01,,,,,,,35.1
1959-04-01,,,,,,,35.1
1959-05-01,,,,,,,35.1
1959-06-01,,,,,,,35.1
1959-07-01,,,,,,,35.1
1959-08-01,,,,,,,35.1
1959-09-01,,,,,,,35.1
1959-10-01,,,,,,,35.1
1959-11-01,,,,,,,35.1
1959-12-01,,,,,,,35.1
1960-01-01,,,,,,,35.27
1960-02-01,,,,,,,35.27
1960-03-01,,,,,,,35.27
1960-04-01,,,,,,,35.27
1960-05-01,,,,,,,35.27
1960-06-01,,,,,,,35.27
1960-07-01,,,,,,,35.27
1960-08-01,,,,,,,35.27
1960-09-01,,,,,,,35.27
1960-10-01,,,,,,,35.27
1960-11-01,,,,,,,35.27
1960-12-01,,,,,,,35.27
1961-01-01,,,,,,,35.25
1961-02-01,,,,,,,35.25
1961-03-01,,,,,,,35.25
1961-04-01,,,,,,,35.25
1961-05-01,,,,,,,35.25
1961-06-01,,,,,,,35.25
1961-07-01,,,,,,,35.25
1961-08-01,,,,,,,35.25
1961-09-01,,,,,,,35.25
1961-10-01,,,,,,,35.25
1961-11-01,,,,,,,35.25
1961-12-01,,,,,,,35.25
1962-01-01,,,,,,,35.23
1962-02-01,,,,,,,35.23
1962-03-01,,,,,,,35.23
1962-04-01,,,,,,,35.23
1962-05-01,,,,,,,35.23
1962-06-01,,,,,,,35.23
1962-07-01,,,,,,,35.23
1962-08-01,,,,,,,35.23
1962-09-01,,,,,,,35.23
1962-10-01,,,,,,,35.23
1962-11-01,,,,,,,35.23
1962-12-01,,,,,,,35.23
1963-01-01,,,,,,,35.09
1963-02-01,,,,,,,35.09
1963-03-01,,,,,,,35.09
1963-04-01,,,,,,,35.09
1963-05-01,,,,,,,35.09
1963-06-01,,,,,,,35.09
1963-07-01,,,,,,,35.09
1963-08-01,,,,,,,35.09
1963-09-01,,,,,,,35.09
1963-10-01,,,,,,,35.09
1963-11-01,,,,,,,35.09
1963-12-01,,,,,,,35.09
1964-01-01,,,,,,,35.1
1964-02-01,,,,,,,35.1
1964-03-01,,,,,,,35.1
1964-04-01,,,,,,,35.1
1964-05-01,,,,,,,35.1
1964-06-01,,,,,,,35.1
1964-07-01,,,,,,,35.1
1964-08-01,,,,,,,35.1
1964-09-01,,,,,,,35.1
1964-10-01,,,,,,,35.1
1964-11-01,,,,,,,35.1
1964-12-01,,,,,,,35.1
1965-01-01,,,,,,,35.12
1965-02-01,,,,,,,35.12
1965-03-01,,,,,,,35.12
1965-04-01,,,,,,,35.12
1965-05-01,,,,,,,35.12
1965-06-01,,,,,,,35.12
1965-07-01,,,,,,,35.12
1965-08-01,,,,,,,35.12
1965-09-01,,,,,,,35.12
1965-10-01,,,,,,,35.12
1965-11-01,,,,,,,35.12
1965-12-01,,,,,,,35.12
1966-01-01,,,,,,,35.13
1966-02-01,,,,,,,35.13
1966-03-01,,,,,,,35.13
1966-04-01,,,,,,,35.13
1966-05-01,,,,,,,35.13
1966-06-01,,,,,,,35.13
1966-07-01,,,,,,,35.13
1966-08-01,,,,,,,35.13
1966-09-01,,,,,,,35.13
1966-10-01,,,,,,,35.13
1966-11-01,,,,,,,35.13
1966-12-01,,,,,,,35.13
1967-01-01,,,,,,,34.95
1967-02-01,,,,,,,34.95
1967-03-01,,,,,,,34.95
1967-04-01,,,,,,,34.95
1967-05-01,,,,,,,34.95
1967-06-01,,,,,,,34.95
1967-07-01,,,,,,,34.95
1967-08-01,,,,,,,34.95
1967-09-01,,,,,,,34.95
1967-10-01,,,,,,,34.95
1967-11-01,,,,,,,34.95
1967-12-01,,,,,,,34.95
1968-01-01,,,,,,,35.5
1968-02-01,,,,,,,36.0
1968-03-01,,,,,,,37.0
1968-04-01,,,,,,,37.86
1968-05-01,,,,,,,40.7
1968-06-01,,,,,,,41.14
1968-07-01,,,,,,,39.46
1968-08-01,,,,,,,39.19
1968-09-01,,,,,,,40.18
1968-10-01,,,,,,,39.21
1968-11-01,,,,,,,39.78
1968-12-01,,,,,,,41.08
1969-01-01,,,,,,,42.3
1969-02-01,,,,,,,42.6
1969-03-01,,,,,,,43.16
1969-04-01,,,,,,,43.31
1969-05-01,,,,,,,43.46
1969-06-01,,,,,,,41.44
1969-07-01,,,,,,,41.76
1969-08-01,,,,,,,41.09
1969-09-01,,,,,,,40.87
1969-10-01,,,,,,,40.44
1969-11-01,,,,,,,37.4
1969-12-01,,,,,,,35.17
1970-01-01,,,,,,,34.94
1970-02-01,,,,,,,34.99
1970-03-01,,,,,,,35.09
1970-04-01,,,,,,,35.62
1970-05-01,,,,,,,35.95
1970-06-01,,,,,,,35.42
1970-07-01,,,,,,,35.32
1970-08-01,,,,,,,35.38
1970-09-01,,,,,,,36.19
1970-10-01,,,,,,,37.52
1970-11-01,,,,,,,37.44
1970-12-01,,,,,,,37.44
1971-01-01,,,,,,,37.88
1971-02-01,,,,,,,38.74
1971-03-01,,,,,,,38.87
1971-04-01,,,,,,,39.01
1971-05-01,,,,,,,40.52
1971-06-01,,,,,,,40.1
1971-07-01,,,,,,,40.95
1971-08-01,,,,,,,42.71
1971-09-01,,,,,,,42.03
1971-10-01,,,,,,,42.5
1971-11-01,,,,,,,42.86
1971-12-01,,,,,,,43.48
1972-01-01,,,,,,,45.75
1972-02-01,,,,,,,48.26
1972-03-01,,,,,,,48.33
1972-04-01,,,,,,,49.03
1972-05-01,,,,,,,54.62
1972-06-01,,,,,,,62.09
1972-07-01,,,,,,,65.66
1972-08-01,,,,,,,67.03
1972-09-01,,,,,,,65.46
1972-10-01,,,,,,,64.86
1972-11-01,,,,,,,62.91
1972-12-01,,,,,,,63.91
1973-01-01,,,,,,,65.14
1973-02-01,,,,,,,74.2
1973-03-01,,,,,,,84.37
1973-04-01,,,,,,,90.5
1973-05-01,,,,,,,101.96
1973-06-01,,,,,,,120.12
1973-07-01,,,,,,,120.17
1973-08-01,,,,,,,106.76
1973-09-01,,,,,,,102.97
1973-10-01,,,,,,,100.08
1973-11-01,,,,,,,94.92
1973-12-01,,,,,,,106.72
1974-01-01,,,,,,,129.19
1974-02-01,,,,,,,150.13
1974-03-01,,,,,,,168.42
1974-04-01,,,,,,,172.24
1974-05-01,,,,,,,163.27
1974-06-01,,,,,,,154.1
1974-07-01,,,,,,,142.98
1974-08-01,,,,,,,154.64
1974-09-01,,,,,,,151.75
1974-10-01,,,,,,,158.78
1974-11-01,,,,,,,181.66
1974-12-01,,,,,,,183.78
1975-01-01,,,,,,,176.27
1975-02-01,,,,,,,179.6
1975-03-01,,,,,,,178.16
1975-04-01,,,,,,,169.84
1975-05-01,,,,,,,167.39
1975-06-01,,,,,,,164.24
1975-07-01,,,,,,,165.17
1975-08-01,,,,,,,163.0
1975-09-01,,,,,,,144.17
1975-10-01,,,,,,,142.79
1975-11-01,,,,,,,142.42
1975-12-01,,,,,,,139.3
1976-01-01,,,,,,,131.05
1976-02-01,,,,,,,131.06
1976-03-01,,,,,,,132.76
1976-04-01,,,,,,,127.94
1976-05-01,,,,,,,126.92
1976-06-01,,,,,,,125.71
1976-07-01,,,,,,,117.73
1976-08-01,,,,,,,109.93
1976-09-01,,,,,,,114.15
1976-10-01,,,,,,,116.15
1976-11-01,,,,,,,130.46
1976-12-01,,,,,,,133.93
1977-01-01,,,,,,,132.26
1977-02-01,,,,,,,136.24
1977-03-01,,,,,,,148.23
1977-04-01,,,,,,,149.17
1977-05-01,,,,,,,146.61
1977-06-01,,,,,,,140.78
1977-07-01,,,,,,,143.39
1977-08-01,,,,,,,144.94
1977-09-01,,,,,,,149.53
1977-10-01,,,,,,,158.95
1977-11-01,,,,,,,162.1
1977-12-01,,,,,,,160.45
1978-01-01,,,,,,,173.18
1978-02-01,,,,,,,178.14
1978-03-01,,,,,,,183.61
1978-04-01,,,,,,,175.28
1978-05-01,,,,,,,176.31
1978-06-01,,,,,,,183.75
1978-07-01,,,,,,,188.73
1978-08-01,,,,,,,206.3
1978-09-01,,,,,,,212.08
1978-10-01,,,,,,,227.44
1978-11-01,,,,,,,206.2
1978-12-01,,,,,,,207.85
1979-01-01,,,,,,,227.28
1979-02-01,,,,,,,245.67
1979-03-01,,,,,,,242.05
1979-04-01,,,,,,,239.11
1979-05-01,,,,,,,257.59
1979-06-01,,,,,,,279.07
1979-07-01,,,,,,,294.74
1979-08-01,,,,,,,300.82
1979-09-01,,,,,,,354.95
1979-10-01,,,,,,,391.66
1979-11-01,,,,,,,391.99
1979-12-01,,,,,,,455.08
1980-01-01,,,,,,,675.31
1980-02-01,,,,,,,665.32
1980-03-01,,,,,,,553.58
1980-04-01,,,,,,,517.41
1980-05-01,,,,,,,513.8
1980-06-01,,,,,,,600.72
1980-07-01,,,,,,,643.27
1980-08-01,,,,,,,627.15
1980-09-01,,,,,,,673.63
1980-10-01,,,,,,,661.15
1980-11-01,,,,,,,624.77
1980-12-01,,,,,,,538.26
1981-01-01,,,,,,,557.39
1981-02-01,,,,,,,499.76
1981-03-01,,,,,,,499.11
1981-04-01,,,,,,,495.8
1981-05-01,,,,,,,479.7
1981-06-01,,,,,,,461.09
1981-07-01,,,,,,,409.07
1981-08-01,,,,,,,410.16
1981-09-01,,,,,,,443.75
1981-10-01,,,,,,,437.76
1981-11-01,,,,,,,413.37
1981-12-01,,,,,,,410.09
1982-01-01,,,,,,,384.14
1982-02-01,,,,,,,374.13
1982-03-01,,,,,,,330.25
1982-04-01,,,,,,,350.3
1982-05-01,,,,,,,333.71
1982-06-01,,,,,,,314.98
1982-07-01,,,,,,,338.97
1982-08-01,,,,,,,364.23
1982-09-01,,,,,,,437.31
1982-10-01,,,,,,,422.15
1982-11-01,,,,,,,414.89
1982-12-01,,,,,,,444.5
1983-01-01,,,,,,,481.29
1983-02-01,,,,,,,491.09
1983-03-01,,,,,,,419.7
1983-04-01,,,,,,,432.88
1983-05-01,,,,,,,438.01
1983-06-01,,,,,,,412.84
1983-07-01,,,,,,,402.91
1983-08-01,,,,,,,416.2
1983-09-01,,,,,,,411.8
1983-10-01,,,,,,,393.6
1983-11-01,,,,,,,381.7
1983-12-01,,,,,,,388.34
1984-01-01,,,,,,,370.89
1984-02-01,,,,,,,385.96
1984-03-01,,,,,,,394.26
1984-04-01,,,,,,,381.37
1984-05-01,,,,,,,377.4
1984-06-01,,,,,,,377.7
1984-07-01,,,,,,,347.71
1984-08-01,,,,,,,347.7
1984-09-01,,,,,,,340.2
1984-10-01,,,,,,,341.0
1984-11-01,,,,,,,342.0
1984-12-01,,,,,,,319.54
1985-01-01,,,,,,,302.79
1985-02-01,,,,,,,299.1
1985-03-01,,,,,,,313.5
1985-04-01,,,,,,,326.8
1985-05-01,,,,,,,316.0
1985-06-01,,,,,,,316.5
1985-07-01,,,,,,,317.2
1985-08-01,,,,,,,330.4
1985-09-01,,,,,,,323.35
1985-10-01,,,,,,,325.85
1985-11-01,,,,,,,321.5
1985-12-01,,,,,,,321.9
1986-01-01,,,,,,,347.48
1986-02-01,,,,,,,338.89
1986-03-01,,,,,,,345.7
1986-04-01,,,,,,,340.44
1986-05-01,,,,,,,342.4
1986-06-01,,,,,,,342.7
1986-07-01,,,,,,,348.34
1986-08-01,,,,,,,376.66
1986-09-01,,,,,,,417.73
1986-10-01,,,,,,,423.51
1986-11-01,,,,,,,397.56
1986-12-01,,,,,,,390.92
1987-01-01,,,,,,,408.26
1987-02-01,,,,,,,401.12
1987-03-01,,,,,,,408.91
1987-04-01,,,,,,,438.35
1987-05-01,,,,,,,460.23
1987-06-01,,,,,,,449.59
1987-07-01,,,,,,,450.52
1987-08-01,,,,,,,461.15
1987-09-01,,,,,,,460.38
1987-10-01,,,,,,,465.35
1987-11-01,,,,,,,467.57
1987-12-01,,,,,,,486.24
1988-01-01,,,,,,,476.58
1988-02-01,,,,,,,442.07
1988-03-01,,,,,,,443.61
1988-04-01,,,,,,,451.55
1988-05-01,,,,,,,451.07
1988-06-01,,,,,,,451.33
1988-07-01,,,,,,,437.63
1988-08-01,,,,,,,431.28
1988-09-01,,,,,,,413.46
1988-10-01,,,,,,,406.78
1988-11-01,,,,,,,420.17
1988-12-01,,,,,,,419.05
1989-01-01,,,,,,,404.01
1989-02-01,,,,,,,387.51
1989-03-01,,,,,,,390.15
1989-04-01,,,,,,,384.4
1989-05-01,,,,,,,371.05
1989-06-01,,,,,,,367.6
1989-07-01,,,,,,,375.04
1989-08-01,,,,,,,365.14
1989-09-01,,,,,,,361.75
1989-10-01,,,,,,,366.88
1989-11-01,,,,,,,394.26
1989-12-01,,,,,,,409.39
1990-01-01,,,,,,,410.11
1990-02-01,,,,,,,416.81
1990-03-01,,,,,,,393.06
1990-04-01,,,,,,,374.24
1990-05-01,,,,,,,369.05
1990-06-01,,,,,,,352.33
1990-07-01,,,,,,,362.53
1990-08-01,,,,,,,394.73
1990-09-01,,,,,,,389.32
1990-10-01,,,,,,,380.74
1990-11-01,,,,,,,381.73
1990-12-01,,,,,,,376.95
1991-01-01,31.39,,,,,,383.64
1991-02-01,6.69,,,,,,363.83
1991-03-01,3.69,,,,,,363.34
1991-04-01,10.75,,,,,,358.38
1991-05-01,4.82,,,,,,356.95
1991-06-01,2.67,,,,,,366.72
1991-07-01,-3.15,,,,,,367.69
1991-08-01,7.47,,,,,,356.31
1991-09-01,5.53,,,,,,348.74
1991-10-01,5.2,,,,,,358.69
1991-11-01,11.56,,,,,,360.17
1991-12-01,20.53,,,,,,361.73
1992-01-01,24.1,,,18.15652174,2.379999797,,354.45
1992-02-01,13.17,,,18.11,2.379999797,,353.91
1992-03-01,5.37,,,17.65909091,2.379999797,,344.34
1992-04-01,16.51,,,19.01590909,2.339999729,,338.62
1992-05-01,11.76,,,19.98095238,2.339999729,,337.24
1992-06-01,7.02,,,21.18863636,2.339999729,,340.81
1992-07-01,2.11,,,20.32608696,2.390000237,,352.72
1992-08-01,8.04,,,19.79285714,2.390000237,,343.06
1992-09-01,21.76,,,20.28863636,2.390000237,,345.43
1992-10-01,33.91,,,20.31136364,2.35000017,,344.38
1992-11-01,41.08,,,19.19619048,2.35000017,,335.02
1992-12-01,13.84,,,18.2726087,2.35000017,95.2,334.82
1993-01-01,30.42,,,17.50714286,2.699999915,,329.01
1993-02-01,20.04,,,18.4455,2.699999915,,329.31
1993-03-01,16.81,,,18.8426087,2.699999915,95.5,330.08
1993-04-01,23.48,,,18.78272727,2.609999975,,342.15
1993-05-01,38.04,,,18.57809524,2.599999958,,367.18
1993-06-01,26.44,,,17.63409091,2.599999958,95.6,371.89
1993-07-01,23.2,,,16.80863636,2.550000085,,392.19
1993-08-01,40.51,,,16.83681818,2.550000085,,378.84
1993-09-01,21.22,,,16.13954545,2.550000085,96.0,355.28
1993-10-01,30.74,,,16.64238095,2.540000068,,364.18
1993-11-01,38.95,,,15.24,2.540000068,,373.83
1993-12-01,28.95,,,13.55956522,2.540000068,96.6,383.3
1994-01-01,25.35,,,14.27380952,2.219999949,,386.88
1994-02-01,11.95,,,13.7695,2.219999949,,381.91
1994-03-01,14.45,,,13.77,2.219999949,96.7,384.13
1994-04-01,16.92,,,15.09380952,2.239999983,,377.27
1994-05-01,11.82,,,16.42090909,2.239999983,,381.43
1994-06-01,6.93,,,17.10545455,2.239999983,96.7,385.64
1994-07-01,16.72,,,18.1247619,2.349999958,,385.49
1994-08-01,23.02,,,16.9126087,2.349999958,,380.36
1994-09-01,23.4,,,16.03863636,2.349999958,96.9,391.58
1994-10-01,28.35,,,16.55095238,2.439999898,,389.77
1994-11-01,32.55,,,17.41409091,2.439999898,,384.39
1994-12-01,58.39,0.4992,,16.04136364,2.439999898,97.6,379.29
1995-01-01,38.6,0.5246,-84.09500018,16.65409091,2.589999941,,378.55
1995-02-01,32.42,0.5514,-84.09500018,17.271,2.589999941,,376.64
1995-03-01,28.91,0.5825,-84.09500018,17.23652174,2.589999941,97.6,382.12
1995-04-01,16.76,0.6213,-84.09500018,18.824,2.689999898,,391.03
1995-05-01,14.15,0.6213,-84.09500018,18.67782609,2.689999898,,385.22
1995-06-01,16.5,0.6213,-84.09500018,17.35318182,2.689999898,97.6,387.56
1995-07-01,22.28,0.0022,-84.09500018,16.08095238,2.76944436,,386.23
1995-08-01,43.29,0.0032,-84.09500018,16.25521739,2.76944436,,383.67
1995-09-01,52.71,0.0032,-84.09500018,16.69190476,2.76944436,98.2,383.06
1995-10-01,30.41,0.0056,-84.09500018,16.19363636,2.824999915,,383.14
1995-11-01,82.04,0.0056,-84.09500018,16.91045455,2.689999898,,385.31
1995-12-01,66.41,0.0056,-84.09500018,18.23619048,2.689999898,98.3,387.44
1996-01-01,36.0,0.0056,-93.51345888,18.13521739,2.680000093,,399.45
1996-02-01,22.5,0.0056,-93.51345888,17.84619048,2.680000093,,404.76
1996-03-01,34.93,0.0056,-93.51345888,19.80952381,2.680000093,98.4,396.21
1996-04-01,51.86,0.0056,-93.51345888,21.20045455,2.689999898,,392.85
1996-05-01,84.09,0.0056,-93.51345888,19.31913043,2.689999898,,391.93
1996-06-01,61.81,0.0056,-93.51345888,18.5775,2.689999898,98.4,385.27
1996-07-01,38.05,0.201,-93.51345888,19.71478261,2.689999898,,383.47
1996-08-01,9.47,0.201,-93.51345888,20.60590909,2.689999898,,387.35
1996-09-01,5.04,0.201,-93.51345888,23.08142857,2.689999898,99.2,383.14
1996-10-01,2.09,0.011550000000000001,-93.51345888,24.27347826,2.939999898,,381.07
1996-11-01,0.67,0.021,-93.51345888,23.10238095,2.939999898,,377.85
1996-12-01,5.49,0.021,-93.51345888,24.03636364,2.939999898,100.1,369.0
1997-01-01,64.17,0.021,-29.52270655,23.60565217,3.0,99.6,355.11
1997-02-01,1.47,0.021,-29.52270655,20.9205,2.944444444,99.6,346.58
1997-03-01,-3.52,0.021,-29.52270655,19.55952381,2.760000017,99.6,351.81
1997-04-01,3.17,0.194,-29.52270655,17.77545455,2.729999966,99.6,344.47
1997-05-01,0.92,0.1969,-29.52270655,19.24545455,2.729999966,100.0,343.84
1997-06-01,0.55,0.1969,-29.52270655,17.80380952,2.729999966,100.0,340.76
1997-07-01,1.35,0.1969,-29.52270655,18.55652174,2.599999958,100.0,324.1
1997-08-01,6.47,0.2571,-29.52270655,18.81571429,2.599999958,100.0,324.01
1997-09-01,6.02,0.25844999999999996,-29.52270655,18.58181818,2.599999958,100.1,322.82
1997-10-01,7.42,0.2598,-29.52270655,20.1326087,2.449999915,100.2,324.87
1997-11-01,6.15,0.2598,-29.52270655,19.309,2.449999915,100.0,306.04
1997-12-01,12.87,0.2598,-29.52270655,17.41782609,2.449999915,98.5,288.74
1998-01-01,5.4,0.2598,4.047558877,15.51045455,2.489999983,97.6,289.1
1998-02-01,3.09,0.2598,4.047558877,14.366,2.489999983,97.5,297.49
1998-03-01,2.85,0.2598,4.047558877,13.46,2.489999983,97.4,295.94
1998-04-01,5.01,0.2598,4.047558877,13.80909091,2.369999992,97.9,308.29
1998-05-01,6.17,0.2598,4.047558877,14.50857143,2.369999992,97.9,299.1
1998-06-01,3.7,0.2598,4.047558877,13.05954545,2.369999992,97.8,292.32
1998-07-01,10.57,0.2598,4.047558877,12.52347826,2.209999932,97.8,292.87
1998-08-01,26.08,0.2598,4.047558877,12.15285714,2.209999932,97.5,284.11
1998-09-01,4.35,0.265,4.047558877,13.62636364,2.209999932,97.5,288.98
1998-10-01,4.71,0.265,4.047558877,12.89636364,1.910000059,97.8,295.93
1998-11-01,7.23,0.265,4.047558877,11.44190476,1.910000059,97.8,294.12
1998-12-01,11.25,0.3676,4.047558877,10.16,1.910000059,97.8,291.68
1999-01-01,10.57,0.3676,-72.57850016,11.18666667,1.788888889,97.6,287.08
1999-02-01,12.13,0.3676,-72.57850016,10.4295,1.788888889,97.9,287.33
1999-03-01,6.48,0.3658,-72.57850016,12.88521739,1.788888889,98.1,285.96
1999-04-01,7.79,0.3658,-72.57850016,15.50090909,1.67,98.1,282.62
1999-05-01,10.28,0.2571,-72.57850016,15.67,1.67,98.1,276.44
1999-06-01,11.23,2.0749000000000004,-72.57850016,16.13181818,1.67,98.3,261.31
1999-07-01,13.27,2.4379999999999997,-72.57850016,19.03227273,1.73,98.3,256.08
1999-08-01,16.8,3.0199499999999997,-72.57850016,20.59772727,1.73,98.7,256.69
1999-09-01,28.85,5.1029,-72.57850016,23.14954545,1.73,98.7,264.74
1999-10-01,20.24,5.709,-72.57850016,22.17857143,2.038888889,98.7,310.72
1999-11-01,9.36,5.3793,-72.57850016,24.83727273,2.038888889,98.7,293.18
1999-12-01,9.64,5.46,-72.57850016,25.69913043,2.038888889,98.7,283.07
2000-01-01,13.49,5.7582,-60.78132704,25.63333333,3.055555556,98.8,284.32
2000-02-01,10.25,5.8907,-60.78132704,28.03047619,3.055555556,98.8,299.86
2000-03-01,12.23,5.8586,-60.78132704,27.49434783,3.055555556,99.3,286.39
2000-04-01,8.74,6.321,-60.78132704,23.1535,3.24,100.0,279.69
2000-05-01,28.58,6.9997,-60.78132704,27.80521739,3.24,100.0,275.19
2000-06-01,6.72,9.511,-60.78132704,30.48318182,3.24,100.3,285.73
2000-07-01,7.72,10.6243,-60.78132704,28.89428571,3.59,100.3,281.59
2000-08-01,18.14,11.9739,-60.78132704,31.62913043,3.59,100.4,274.47
2000-09-01,5.35,12.7016,-60.78132704,33.36047619,3.59,100.4,273.68
2000-10-01,9.83,13.34285,-60.78132704,31.30272727,3.93,100.6,270.0
2000-11-01,7.44,14.273,-60.78132704,32.88090909,3.93,100.6,266.01
2000-12-01,11.12,15.9815,-60.78132704,25.47571429,3.93,100.6,271.45
2001-01-01,5.1,17.9515,-5.032933217,25.79,4.22,100.6,265.49
2001-02-01,8.16,18.915399999999998,-5.032933217,27.8965,4.22,100.6,261.87
2001-03-01,4.88,18.2458,-5.032933217,25.03454545,4.22,100.6,263.03
2001-04-01,14.11,19.1223,-5.032933217,26.01809524,4.26,100.2,260.48
2001-05-01,9.66,19.3647,-5.032933217,28.43826087,4.26,100.3,272.36
2001-06-01,4.25,19.4183,-5.032933217,28.00380952,4.26,100.3,270.23
2001-07-01,3.95,18.2458,-5.032933217,24.99136364,3.78,100.3,267.53
2001-08-01,3.48,21.2587,-5.032933217,25.73608696,3.78,100.0,272.39
2001-09-01,3.41,22.27115,-5.032933217,25.837,3.78,100.0,283.42
2001-10-01,4.18,24.5486,-5.032933217,21.0326087,3.24,95.0,283.06
2001-11-01,4.1,26.82615,-5.032933217,19.10545455,3.24,95.0,276.16
2001-12-01,3.4,29.4038,-5.032933217,18.68142857,3.218571429,95.1,275.85
2002-01-01,7.63,32.4614,-41.32946909,20.03304348,2.79,95.1,281.51
2002-02-01,6.21,34.02855,-41.32946909,20.545,2.79,95.1,295.5
2002-03-01,5.62,36.102,-41.32946909,24.00095238,2.79,95.2,294.06
2002-04-01,4.14,37.7754,-41.32946909,25.94545455,2.56,95.2,302.68
2002-05-01,6.98,39.7535,-41.32946909,25.54956522,2.56,95.2,314.49
2002-06-01,5.04,41.68815,-41.32946909,24.368,2.56,95.2,321.18
2002-07-01,7.3,44.2418,-41.32946909,25.85782609,2.52,95.2,313.29
2002-08-01,7.39,45.881550000000004,-41.32946909,26.62,2.52,95.2,310.26
2002-09-01,5.2,48.2495,-41.32946909,28.37095238,2.532380952,95.2,319.14
2002-10-01,4.0,50.2498,-41.32946909,27.5226087,2.78,95.2,316.56
2002-11-01,6.16,52.8707,-41.32946909,24.25047619,2.78,95.2,319.07
2002-12-01,8.72,56.98725,-41.32946909,28.31727273,2.813636364,95.2,331.92
2003-01-01,6.98,60.2431,0.774759816,30.80869565,3.15,95.2,356.859
2003-02-01,7.68,64.32945000000001,0.774759816,32.6625,3.15,95.2,358.97
2003-03-01,5.63,67.0645,0.774759816,30.16809524,3.17037037,95.2,340.55
2003-04-01,7.32,70.0694,0.774759816,25.035,3.577777778,95.2,328.18
2003-05-01,5.23,72.89015,0.774759816,25.71454545,3.577777778,95.2,355.683
2003-06-01,5.37,75.9896,0.774759816,27.56666667,3.58,95.2,356.352
2003-07-01,3.97,80.4812,0.774759816,28.50391304,3.61,95.2,351.02
2003-08-01,5.04,81.0995,0.774759816,29.71809524,3.61,95.2,359.768
2003-09-01,2.75,79.8889,0.774759816,27.04409091,3.61,95.2,378.945
2003-10-01,1.5,78.5281,0.774759816,29.43565217,3.6,95.2,378.92
2003-11-01,2.35,78.3502,0.774759816,28.9485,3.6,95.2,389.91
2003-12-01,4.6,77.8433,0.774759816,29.74347826,3.6,95.2,406.953
2004-01-01,3.07,79.6959,36.70039746,30.98181818,3.39,95.2,413.788
2004-02-01,2.93,79.82945,36.70039746,30.795,3.39,95.5,404.878
2004-03-01,2.16,79.9976,36.70039746,33.42434783,3.39,95.6,406.667
2004-04-01,2.38,81.15705,36.70039746,33.35772727,3.48,95.7,403.26
2004-05-01,4.49,81.9234,36.70039746,37.58904762,3.48,96.1,383.779
2004-06-01,1.96,83.09185,36.70039746,35.43772727,3.48,96.2,392.373
2004-07-01,1.45,83.76575,36.70039746,38.22681818,3.81,96.4,398.091
2004-08-01,1.6,84.4522,36.70039746,42.22409091,3.81,98.0,400.51
2004-09-01,1.55,85.3219,36.70039746,43.31590909,3.81,98.1,405.275
2004-10-01,1.56,86.7728,36.70039746,49.73619048,4.34,98.3,420.464
2004-11-01,1.89,86.6632,36.70039746,43.74863636,4.34,98.3,439.375
2004-12-01,2.32,85.4245,36.70039746,39.96565217,4.34,98.3,442.079
2005-01-01,1.94,86.8336,19.68201666,44.1747619,5.06,97.9,424.03
2005-02-01,2.04,86.9296,19.68201666,45.721,5.06,97.7,423.35
2005-03-01,1.96,86.8752,19.68201666,53.22913043,5.06,97.8,433.85
2005-04-01,1.43,86.9369,19.68201666,52.60428571,5.51,98.0,429.233
2005-05-01,1.29,88.5772,19.68201666,49.28545455,5.51,98.2,421.873
2005-06-01,1.01,88.92099999999999,19.68201666,54.83909091,5.51,98.4,430.657
2005-07-01,1.13,88.9695,19.68201666,57.62571429,6.13,98.6,424.479
2005-08-01,1.15,88.975,19.68201666,63.95043478,6.13,99.1,437.93
2005-09-01,1.09,88.9813,19.68201666,63.26136364,6.13,99.5,456.048
2005-10-01,0.97,88.9463,19.68201666,58.90857143,6.96,99.7,469.898
2005-11-01,1.19,81.1954,19.68201666,55.44954545,6.96,99.5,476.666
2005-12-01,1.93,80.5883,19.68201666,57.15681818,6.96,99.5,510.097
2006-01-01,0.83,80.22749999999999,2.308273896,63.31181818,7.66,99.7,549.864
2006-02-01,0.71,80.1596,2.308273896,60.8055,7.66,99.5,554.995
2006-03-01,0.79,80.1609,2.308273896,62.74695652,7.66,99.6,557.093
2006-04-01,0.85,80.17175,2.308273896,70.34,8.14,99.8,610.653
2006-05-01,0.81,80.1714,2.308273896,70.51,8.14,99.8,675.393
2006-06-01,0.77,80.1724,2.308273896,69.23272727,8.14,99.8,596.145
2006-07-01,0.91,80.1746,2.308273896,74.04095238,8.4,99.9,633.71
2006-08-01,0.8,80.1719,2.308273896,73.50043478,8.4,99.9,632.593
2006-09-01,0.84,80.1721,2.308273896,62.52714286,8.4,99.9,598.186
2006-10-01,0.87,80.1722,2.308273896,58.75818182,8.65,101.4,585.78
2006-11-01,1.43,80.1755,2.308273896,59.22272727,8.65,101.3,627.827
2006-12-01,1.97,79.9664,2.308273896,62.26047619,8.65,101.4,629.791
2007-01-01,0.82,80.0766,11.90813343,54.50304348,8.39,101.7,631.166
2007-02-01,0.86,79.8611,11.90813343,57.9695,8.39,101.7,664.745
2007-03-01,0.8,79.76455,11.90813343,62.35727273,8.39,101.7,654.895
2007-04-01,0.78,79.7664,11.90813343,67.69047619,7.83,101.7,679.368
2007-05-01,0.88,75.193,11.90813343,67.71782609,7.83,101.7,667.31
2007-06-01,0.79,74.78,11.90813343,70.61904762,7.83,101.7,655.66
2007-07-01,0.95,74.784,11.90813343,76.13318182,7.79,101.7,665.38
2007-08-01,0.78,74.785,11.90813343,71.31304348,7.79,101.6,665.411
2007-09-01,0.75,74.79050000000001,11.90813343,76.772,7.79,101.6,712.653
2007-10-01,0.81,74.799,11.90813343,82.5073913,8.56,101.5,754.604
2007-11-01,1.06,74.82,11.90813343,92.73136364,8.56,101.5,806.248
2007-12-01,1.91,74.829,11.90813343,91.51952381,8.56,101.9,803.203
2008-01-01,0.85,74.848,-5.772358566,92.09173913,10.27,102.2,889.595
2008-02-01,0.86,74.851,-5.772358566,94.72238095,10.27,102.2,922.298
2008-03-01,0.72,74.87,-5.772358566,103.1619048,10.27,102.3,968.434
2008-04-01,0.92,74.848,-5.772358566,110.0331818,11.9,103.3,909.705
2008-05-01,1.02,74.8105,-5.772358566,123.8622727,11.9,103.4,888.663
2008-06-01,1.0,74.81,-5.772358566,132.7604762,11.9,104.4,889.488
2008-07-01,1.16,74.73,-5.772358566,133.5852174,14.36,104.4,939.772
2008-08-01,1.03,74.8,-5.772358566,113.8004762,14.36,104.4,839.025
2008-09-01,0.86,74.57,-5.772358566,98.75545455,14.36,104.4,829.932
2008-10-01,1.08,74.55,-5.772358566,71.96347826,16.02,104.4,806.62
2008-11-01,1.16,74.59,-5.772358566,52.7135,16.02,102.6,760.863
2008-12-01,1.78,74.8,-5.772358566,40.51173913,16.02,102.6,816.092
2009-01-01,0.94,74.82499999999999,34.93969387,43.17454545,16.02,102.6,858.69
2009-02-01,1.03,74.8,34.93969387,42.9105,14.47,100.7,943.0
2009-03-01,0.93,75.5,34.93969387,46.58272727,11.47,100.7,924.273
2009-04-01,1.09,75.78,34.93969387,50.51909091,8.6,100.7,890.2
2009-05-01,0.95,77.55,34.93969387,57.50142857,8.6,100.7,928.645
2009-06-01,1.11,77.55,34.93969387,68.58,8.6,100.7,945.67
2009-07-01,1.18,77.4,34.93969387,64.90434783,6.79,100.7,934.228
2009-08-01,0.87,77.2,34.93969387,72.59190476,6.18,100.7,949.375
2009-09-01,0.81,77.25,34.93969387,67.51318182,6.18,100.7,996.591
2009-10-01,0.92,84.5,34.93969387,72.96863636,6.45,100.7,1043.159
2009-11-01,1.18,85.0,34.93969387,76.93666667,6.45,100.7,1127.036
2009-12-01,2.16,84.82,34.93969387,74.78956522,6.45,100.7,1134.724
2010-01-01,0.8,89.0,-4.761941244,76.60238095,7.59,100.7,1117.963
2010-02-01,0.89,89.75,-4.761941244,73.903,7.59,100.7,1095.413
2010-03-01,1.05,90.3,-4.761941244,79.51913043,7.59,100.7,1113.337
2010-04-01,1.03,93.45,-4.761941244,85.15636364,8.35,100.7,1148.688
2010-05-01,1.06,92.5,-4.761941244,76.13238095,7.87,100.7,1205.434
2010-06-01,1.02,92.3415,-4.761941244,75.24636364,8.06,100.8,1232.92
2010-07-01,1.14,92.3365,-4.761941244,75.195,8.48,100.8,1192.966
2010-08-01,1.12,92.32,-4.761941244,76.89181818,8.57,101.2,1215.81
2010-09-01,2.35,90.45,-4.761941244,77.93818182,8.49,101.2,1270.977
2010-10-01,1.23,91.83,-4.761941244,83.33857143,8.64,101.2,1342.024
2010-11-01,1.01,92.043,-4.761941244,85.80090909,8.71,101.2,1369.886
2010-12-01,1.65,92.054,-4.761941244,91.96,8.73,101.2,1390.553
2011-01-01,0.63,92.62,-8.398047555,96.95238095,9.19,103.7,1360.46
2011-02-01,0.83,92.96,-8.398047555,104.2385,9.14,104.7,1374.68
2011-03-01,0.78,92.96,-8.398047555,114.9173913,9.12,104.7,1423.26
2011-04-01,0.92,93.04,-8.398047555,123.3257143,10.03,107.2,1480.89
2011-05-01,0.98,93.04650000000001,-8.398047555,114.9295455,10.02,107.2,1512.58
2011-06-01,1.05,93.054,-8.398047555,114.3704545,10.0,111.1,1529.36
2011-07-01,0.75,93.079,-8.398047555,117.4833333,11.2,115.9,1572.75
2011-08-01,0.73,93.098,-8.398047555,110.3547826,11.11,115.6,1759.01
2011-09-01,0.76,93.90700000000001,-8.398047555,111.9627273,11.11,115.6,1772.14
2011-10-01,0.81,94.84,-8.398047555,110.4295238,12.11,114.3,1666.43
2011-11-01,0.86,94.93,-8.398047555,111.1586364,12.02,114.3,1739.0
2011-12-01,1.73,93.4,-8.398047555,108.3477273,12.11,114.3,1639.97
2012-01-01,0.73,93.63,8.910400009,111.415,12.33,114.1,1654.05
2012-02-01,0.69,93.62,8.910400009,119.1657143,12.22,114.1,1744.82
2012-03-01,0.6,95.07,8.910400009,124.7031818,12.51,114.1,1675.95
2012-04-01,0.7,95.08,8.910400009,120.47,12.57,114.1,1649.2
2012-05-01,0.65,95.092,8.910400009,110.8221739,12.57,114.1,1589.04
2012-06-01,0.68,95.11,8.910400009,95.88904762,12.56,114.1,1598.76
2012-07-01,0.66,95.1285,8.910400009,102.9795455,11.38,114.1,1594.29
2012-08-01,0.6,95.141,8.910400009,113.7804348,11.4,110.6,1630.31
2012-09-01,0.55,95.163,8.910400009,113.6415,11.38,110.6,1744.81
2012-10-01,0.91,95.201,8.910400009,111.7926087,11.57,110.6,1746.58
2012-11-01,0.93,95.34,8.910400009,109.9118182,11.64,110.6,1721.64
2012-12-01,0.99,95.56,8.910400009,109.5690476,11.64,110.2,1684.762
2013-01-01,0.61,95.65,12.1812486,112.5278261,11.39,110.0,1671.848
2013-02-01,0.82,95.71,12.1812486,116.488,11.36,109.9,1627.57
2013-03-01,0.66,95.732,12.1812486,109.5857143,11.36,110.7,1593.086
2013-04-01,0.6,95.76650000000001,12.1812486,102.96,11.64,110.7,1487.857
2013-05-01,0.87,95.86,12.1812486,102.9804348,11.41,110.7,1414.027
2013-06-01,0.63,95.995,12.1812486,103.3585,11.32,110.7,1343.35
2013-07-01,0.52,96.09,12.1812486,107.7795652,10.98,110.7,1285.516
2013-08-01,0.54,96.15,12.1812486,111.0581818,10.97,110.9,1351.742
2013-09-01,0.5,96.5,12.1812486,111.9628571,10.96,110.9,1348.6
2013-10-01,0.41,97.28,12.1812486,109.6186957,10.93,111.6,1316.58
2013-11-01,0.52,97.29,12.1812486,108.1504762,10.96,111.6,1275.86
2013-12-01,0.75,97.308,12.1812486,111.0704545,10.99,111.6,1221.512
2014-01-01,0.76,97.378,11.81815371,107.9269565,10.9,112.1,1244.27
2014-02-01,0.49,97.3635,11.81815371,108.838,10.83,113.0,1299.58
2014-03-01,0.51,97.358,11.81815371,107.8680952,10.69,114.3,1336.08
2014-04-01,0.51,97.61,11.81815371,108.0036364,10.79,114.3,1298.45
2014-05-01,0.62,97.42150000000001,11.81815371,109.8322727,10.64,114.3,1288.74
2014-06-01,0.57,97.414,11.81815371,112.2409524,10.52,114.3,1279.1
2014-07-01,0.61,96.838,11.81815371,107.4626087,9.4,114.3,1310.59
2014-08-01,0.6,97.596,11.81815371,102.4019048,10.38,114.3,1295.13
2014-09-01,0.63,97.542,11.81815371,97.85272727,10.4,114.3,1236.55
2014-10-01,0.68,98.665,11.81815371,87.58478261,10.4,113.8,1222.49
2014-11-01,0.53,100.7775,11.81815371,79.2295,10.16,113.8,1175.33
2014-12-01,0.73,101.9,11.81815371,62.90391304,10.45,111.5,1200.62
2015-01-01,0.53,103.1,20.44380216,48.93318182,9.5,111.5,1250.75
2015-02-01,0.63,104.6,20.44380216,58.254,9.29,111.5,1227.08
2015-03-01,0.52,106.35,20.44380216,56.52454545,9.29,110.7,1178.63
2015-04-01,0.71,108.50999999999999,20.44380216,59.82636364,7.39,110.7,1198.93
2015-05-01,1.03,109.0,20.44380216,65.19380952,7.37,110.7,1198.63
2015-06-01,1.08,117.475,20.44380216,62.62,7.3,110.7,1181.5
2015-07-01,1.14,125.05,20.44380216,56.82956522,6.68,110.1,1128.31
2015-08-01,1.0,125.45,20.44380216,47.53380952,6.66,110.1,1117.93
2015-09-01,1.08,134.34,20.44380216,48.03045455,6.49,109.4,1124.77
2015-10-01,1.17,134.735,20.44380216,48.90636364,6.01,109.4,1159.25
2015-11-01,1.19,134.55,20.44380216,45.0952381,5.87,109.4,1086.44
2015-12-01,1.38,134.58,20.44380216,38.52521739,5.81,109.4,1075.74
2016-01-01,3.32,154.835,-4.212861222,32.0452381,5.09,109.8,1097.91
2016-02-01,3.3,157.08,-4.212861222,33.76238095,4.79,109.8,1199.5
2016-03-01,3.25,158.155,-4.212861222,39.79217391,4.09,109.8,1245.14
2016-04-01,3.1,165.055,-4.212861222,43.33047619,4.02,109.3,1242.26
2016-05-01,3.31,165.057,-4.212861222,47.735,3.99,109.3,1260.95
2016-06-01,3.13,165.059,-4.212861222,49.87727273,4.04,109.1,1276.4
2016-07-01,4.26,165.061,-4.212861222,46.59857143,4.3,109.1,1336.66
2016-08-01,3.31,165.063,-4.212861222,47.05217391,4.25,109.1,1340.17
2016-09-01,2.14,165.0655,-4.212861222,47.37681818,3.96,109.1,1326.61
2016-10-01,1.52,165.069,-4.212861222,51.41380952,4.01,109.1,1266.55
2016-11-01,2.29,165.073,-4.212861222,46.94227273,4.54,109.1,1238.35
2016-12-01,2.04,165.0745,-4.212861222,55.02272727,5.16,104.9,1157.36
2017-01-01,2.25,165.078,-6.391178097,55.71090909,6.278139859,104.9,1192.1
2017-02-01,2.3,165.081,-6.391178097,56.096,6.100298306,104.9,1234.2
2017-03-01,1.91,165.083,-6.391178097,52.65521739,4.945020348,105.8,1231.42
2017-04-01,1.8,165.086,-6.391178097,53.978,5.035127314,105.8,1266.88
2017-05-01,1.6,165.086,-6.391178097,51.37434783,5.077170774,105.8,1246.04
2017-06-01,1.52,165.09,-6.391178097,47.65272727,4.983818253,105.8,1260.26
2017-07-01,1.69,165.092,-6.391178097,49.25333333,5.096027583,105.8,1236.84
2017-08-01,1.59,165.094,-6.391178097,51.92782609,5.536058643,105.8,1283.04
2017-09-01,2.14,165.096,-6.391178097,55.55761905,6.040606393,105.8,1314.07
2017-10-01,2.39,165.096,-6.391178097,57.53636364,5.892519354,105.8,1279.51
2017-11-01,1.04,165.097,-6.391178097,62.83636364,6.734037524,105.8,1281.9
2017-12-01,1.2,165.098,-6.391178097,64.06428571,7.209791626,105.8,1264.45
2018-01-01,1.47,184.528,-3.608117395,68.88913043,6.64830331,105.8,1331.3
2018-02-01,1.26,209.6,-3.608117395,65.6965,7.841035562,106.1,1330.73
2018-03-01,1.44,213.79250000000002,-3.608117395,66.89181818,8.536361301,106.1,1324.66
2018-04-01,1.22,216.87,-3.608117395,71.93285714,7.064732567,106.1,1334.76
2018-05-01,1.27,231.905,-3.608117395,76.93434783,7.460863074,106.1,1303.45
2018-06-01,1.26,241.56,-3.608117395,75.80285714,7.50442301,106.7,1281.57
2018-07-01,1.25,253.505,-3.608117395,75.22909091,7.621062683,106.7,1237.71
2018-08-01,1.21,268.48,-3.608117395,73.85130435,8.104114079,106.7,1201.71
2018-09-01,2.69,285.405,-3.608117395,79.163,9.518880183,106.7,1198.39
2018-10-01,1.39,303.696,-3.608117395,80.78347826,8.595914599,106.7,1215.39
2018-11-01,1.31,309.9,-3.608117395,66.22863636,8.204490167,106.6,1220.65
2018-12-01,1.41,306.99,-3.608117395,57.94809524,7.892945821,107.7,1250.4
2019-01-01,1.14,308.69,-0.4759655393,59.94478261,7.161064953,107.7,1291.75
2019-02-01,1.04,312.125,-0.4759655393,64.384,5.98633856,107.7,1320.07
2019-03-01,1.09,314.02,-0.4759655393,66.94190476,5.197180073,107.1,1300.9
2019-04-01,1.05,317.35450000000003,-0.4759655393,71.47590909,4.95324985,107.1,1285.91
2019-05-01,1.09,324.97,-0.4759655393,70.38913043,4.360182888,106.6,1283.7
2019-06-01,1.08,337.265,-0.4759655393,63.2085,3.483036,106.2,1359.04
2019-07-01,1.52,344.18,-0.4759655393,64.32217391,3.595943909,106.3,1412.89
2019-08-01,1.44,358.346,-0.4759655393,59.61818182,3.270196677,106.0,1500.41
2019-09-01,1.45,361.985,-0.4759655393,62.43095238,3.086804586,106.0,1510.58
2019-10-01,1.38,422.335,-0.4759655393,59.63130435,3.339724246,106.0,1494.81
2019-11-01,1.53,460.86,-0.4759655393,62.68666667,4.781019523,106.0,1470.79
2019-12-01,1.91,467.695,-0.4759655393,65.34818182,4.243548744,106.0,1479.13
2020-01-01,2.05,484.35,3.095126182,63.89869565,3.626269711,106.1,1560.67
2020-02-01,1.72,489.755,3.095126182,55.691,2.995477203,106.1,1597.1
2020-03-01,1.85,495.65999999999997,3.095126182,33.94727273,2.789823671,99.0,1591.93
2020-04-01,2.05,555.658,3.095126182,26.84863636,2.083882202,,1683.17
2020-05-01,1.94,561.0,3.095126182,32.42238095,1.46261232,99.0,1715.91
2020-06-01,1.74,580.855,3.095126182,40.86045455,1.647299982,99.0,1732.22
2020-07-01,1.78,567.07,3.095126182,43.29565217,1.640862822,99.0,1846.51
2020-08-01,1.83,582.38,3.095126182,45.08142857,2.611565546,99.6,1968.63
2020-09-01,1.79,616.945,3.095126182,41.92681818,3.854995574,100.2,1921.92
2020-10-01,1.81,640.113,3.095126182,41.60681818,4.813821635,100.2,1900.27
2020-11-01,1.99,655.0,3.095126182,44.05,4.783507944,100.2,1866.3
2020-12-01,2.06,650.222,3.095126182,50.37695652,5.828639183,101.1,1858.42
2021-01-01,2.0,651.132,-11.97942893,55.2247619,7.302820662,101.1,1866.98
2021-02-01,2.07,647.915,-11.97942893,62.3625,6.171340829,101.1,1808.17
2021-03-01,1.78,619.23,-11.97942893,65.79608696,6.205197385,102.1,1718.23
2021-04-01,2.09,645.5,-11.97942893,65.53181818,7.282723606,102.3,1760.04
2021-05-01,2.03,648.225,-11.97942893,68.3752381,9.004704035,102.8,1850.26
2021-06-01,2.05,645.531,-11.97942893,73.51272727,10.32413911,104.4,1834.57
2021-07-01,2.1,644.0,-11.97942893,74.40318182,12.5242466,104.7,1807.84
2021-08-01,2.13,638.875,-11.97942893,70.58818182,15.27902912,104.7,1785.28
2021-09-01,2.18,618.875,-11.97942893,74.74954545,22.23282724,105.2,1775.14
2021-10-01,2.06,597.402,-11.97942893,83.8652381,29.81414289,105.2,1776.85
2021-11-01,2.08,596.652,-11.97942893,80.89045455,27.38382608,108.6,1821.76
2021-12-01,2.1,569.4,-11.97942893,74.67826087,37.36336306,111.1,1790.43
2022-01-01,2.0,547.8,1.689307337,85.62238095,27.89094479,115.2,1816.02
2022-02-01,1.77,521.0,1.689307337,94.267,26.98428134,118.5,1856.3
2022-03-01,1.56,453.0,1.689307337,112.44,41.72768831,121.1,1947.83
2022-04-01,1.12,415.831,1.689307337,106.1557143,31.9898743,121.1,1936.86
2022-05-01,0.93,404.0,1.689307337,112.1136364,27.46416643,121.1,1848.5
2022-06-01,0.84,421.0,1.689307337,117.6927273,32.91260722,121.1,1836.57
2022-07-01,0.81,420.0,1.689307337,105.2528571,51.14591252,120.8,1732.74
2022-08-01,0.76,420.0,1.689307337,97.64304348,69.97723933,120.4,1764.56
2022-09-01,0.79,420.0,1.689307337,90.60818182,55.1791274,119.6,1680.78
2022-10-01,0.78,436.0,1.689307337,93.71857143,20.80663685,119.0,1664.45
2022-11-01,0.82,498.3745,1.689307337,90.93863636,28.79080462,118.1,1725.07
2022-12-01,0.87,503.25,1.689307337,81.50318182,35.36873121,118.1,1797.55
2023-01-01,0.83,503.688,-0.8550652833,84.08181818,19.88618693,117.9,1897.71
2023-02-01,0.86,502.25,-0.8550652833,83.6325,16.73725918,117.9,1854.54
2023-03-01,0.9,503.0,-0.8550652833,79.25652174,13.87044037,117.3,1912.73
2023-04-01,0.92,503.95,-0.8550652833,83.536,13.68398726,116.4,1999.77
2023-05-01,0.95,525.2,-0.8550652833,75.7473913,9.970048913,116.4,1992.13
2023-06-01,1.41,698.5,-0.8550652833,74.975,10.2937317,115.0,1942.9
2023-07-01,1.6,827.0,-0.8550652833,80.10904762,9.611719136,114.2,1951.02
2023-08-01,2.04,830.0,-0.8550652833,85.16826087,10.7174213,112.7,1918.7
2023-09-01,2.1,829.0,-0.8550652833,92.67333333,11.42793016,111.1,1915.95
2023-10-01,2.15,831.5,-0.8550652833,88.94772727,13.38884281,111.1,1916.25
2023-11-01,2.21,834.3,-0.8550652833,82.18636364,13.71431567,111.1,1984.11
2023-12-01,2.42,840.0,-0.8550652833,77.54095238,11.29629149,111.1,2026.18
2024-01-01,2.49,844.0,-4.177558199,79.11,9.531191123,111.1,2034.04
2024-02-01,2.58,840.0,-4.177558199,81.79571429,8.098181356,111.1,2023.24
2024-03-01,2.54,833.0,-4.177558199,84.96142857,8.511035509,110.8,2158.01
2024-04-01,2.61,841.393,-4.177558199,88.97454545,9.129581313,110.3,2331.45
2024-05-01,2.49,851.5,-4.177558199,83.05391304,10.10962113,110.1,2351.13
2024-06-01,2.07,863.423,-4.177558199,82.9175,10.80662625,106.9,2326.44
2024-07-01,1.68,882.157,-4.177558199,84.04869565,10.23979241,106.9,2398.2
2024-08-01,1.61,895.625,-4.177558199,79.01863636,12.1938459,104.3,2470.15
2024-09-01,1.63,936.292,-4.177558199,73.05761905,11.750812,104.3,2570.55
2024-10-01,1.55,918.141,-4.177558199,75.26652174,12.755,104.3,2690.08
2024-11-01,1.61,918.141,-4.177558199,73.50857143,13.811,104.3,2651.13
2024-12-01,1.7,922.38452,-4.177558199,73.22772727,13.757,104.3,2648.01
2025-01-01,1.67,912.0,1.94,78.19391304,14.75909611,102.3,2709.69
2025-02-01,1.59,912.0,1.94,75.193,15.37638294,102.3,2894.73
2025-03-01,1.38,912.0,1.94,71.74142857,13.15601031,102.3,2983.25
2025-04-01,1.34,912.0,1.94,66.92727273,11.57195747,102.3,3217.64
2025-05-01,1.17,921.12,1.94,64.09272727,11.62379688,102.3,3309.49
2025-06-01,1.21,921.13,1.94,69.84666667,12.30058745,102.3,3352.66
2025-07-01,1.47,918.65503,1.94,69.56478261,11.47064619,102.3,3340.15
2025-08-01,1.09,918.65002,1.94,67.24428571,10.97523233,102.4,3368.03
2025-09-01,1.08,918.65503,1.94,67.60909091,11.003,102.3,3667.68
2025-10-01,0.93,918.67798,1.94,63.98130435,10.897,,4058.33
2025-11-01,0.85,918.78497,1.94,63.6935,10.355,101.7,4087.19
2025-12-01,0.95,918.98602,1.94,61.81090909,9.46,101.7,4309.23
2026-01-01,0.68,918.7905,,64.59409091,11.987,101.7,4752.75
2026-02-01,0.52,918.83099,,69.4095,11.19,101.7,5019.97
2026-03-01,0.55,918.83099,,99.405,17.67,97.5,4855.54
2026-04-01,,918.83502,,,,,
2026-05-01,,919.816,,,,,
