Series,Column,Window,Order,Date,Actual,Predicted,CI_Lower,CI_Upper,Error,AbsError
CPI Inflation,cpi_inflation_pct,full sample,"(1, 1, 0)",2021-01,2.0,2.0456,-12.9557,17.0469,-0.0456,0.0456
CPI Inflation,cpi_inflation_pct,full sample,"(1, 1, 0)",2021-02,2.07,2.0485,-17.1042,21.2013,0.0215,0.0215
CPI Inflation,cpi_inflation_pct,full sample,"(1, 1, 0)",2021-03,1.78,2.0479,-20.8479,24.9438,-0.2679,0.2679
CPI Inflation,cpi_inflation_pct,full sample,"(1, 1, 0)",2021-04,2.09,2.0481,-23.9967,28.0928,0.0419,0.0419
CPI Inflation,cpi_inflation_pct,full sample,"(1, 1, 0)",2021-05,2.03,2.048,-26.8156,30.9117,-0.018,0.018
CPI Inflation,cpi_inflation_pct,full sample,"(1, 1, 0)",2021-06,2.05,2.048,-29.3805,33.4766,0.002,0.002
CPI Inflation,cpi_inflation_pct,full sample,"(1, 1, 0)",2021-07,2.1,2.048,-31.7517,35.8478,0.052,0.052
CPI Inflation,cpi_inflation_pct,full sample,"(1, 1, 0)",2021-08,2.13,2.048,-33.9671,38.0632,0.082,0.082
CPI Inflation,cpi_inflation_pct,full sample,"(1, 1, 0)",2021-09,2.18,2.048,-36.0539,40.15,0.132,0.132
CPI Inflation,cpi_inflation_pct,full sample,"(1, 1, 0)",2021-10,2.06,2.048,-38.0322,42.1283,0.012,0.012
CPI Inflation,cpi_inflation_pct,full sample,"(1, 1, 0)",2021-11,2.08,2.048,-39.9173,44.0134,0.032,0.032
CPI Inflation,cpi_inflation_pct,full sample,"(1, 1, 0)",2021-12,2.1,2.048,-41.7213,45.8174,0.052,0.052
CPI Inflation,cpi_inflation_pct,full sample,"(1, 1, 0)",2022-01,2.0,2.048,-43.4539,47.5499,-0.048,0.048
CPI Inflation,cpi_inflation_pct,full sample,"(1, 1, 0)",2022-02,1.77,2.048,-45.1228,49.2189,-0.278,0.278
CPI Inflation,cpi_inflation_pct,full sample,"(1, 1, 0)",2022-03,1.56,2.048,-46.7347,50.8308,-0.488,0.488
CPI Inflation,cpi_inflation_pct,full sample,"(1, 1, 0)",2022-04,1.12,2.048,-48.295,52.3911,-0.928,0.928
CPI Inflation,cpi_inflation_pct,full sample,"(1, 1, 0)",2022-05,0.93,2.048,-49.8084,53.9045,-1.118,1.118
CPI Inflation,cpi_inflation_pct,full sample,"(1, 1, 0)",2022-06,0.84,2.048,-51.2789,55.3749,-1.208,1.208
CPI Inflation,cpi_inflation_pct,full sample,"(1, 1, 0)",2022-07,0.81,2.048,-52.7098,56.8059,-1.238,1.238
CPI Inflation,cpi_inflation_pct,full sample,"(1, 1, 0)",2022-08,0.76,2.048,-54.1044,58.2004,-1.288,1.288
CPI Inflation,cpi_inflation_pct,full sample,"(1, 1, 0)",2022-09,0.79,2.048,-55.4651,59.5611,-1.258,1.258
CPI Inflation,cpi_inflation_pct,full sample,"(1, 1, 0)",2022-10,0.78,2.048,-56.7943,60.8904,-1.268,1.268
CPI Inflation,cpi_inflation_pct,full sample,"(1, 1, 0)",2022-11,0.82,2.048,-58.0942,62.1903,-1.228,1.228
CPI Inflation,cpi_inflation_pct,full sample,"(1, 1, 0)",2022-12,0.87,2.048,-59.3666,63.4627,-1.178,1.178
CPI Inflation,cpi_inflation_pct,full sample,"(1, 1, 0)",2023-01,0.83,2.048,-60.6132,64.7092,-1.218,1.218
CPI Inflation,cpi_inflation_pct,full sample,"(1, 1, 0)",2023-02,0.86,2.048,-61.8354,65.9314,-1.188,1.188
CPI Inflation,cpi_inflation_pct,full sample,"(1, 1, 0)",2023-03,0.9,2.048,-63.0347,67.1307,-1.148,1.148
CPI Inflation,cpi_inflation_pct,full sample,"(1, 1, 0)",2023-04,0.92,2.048,-64.2122,68.3083,-1.128,1.128
CPI Inflation,cpi_inflation_pct,full sample,"(1, 1, 0)",2023-05,0.95,2.048,-65.3693,69.4653,-1.098,1.098
CPI Inflation,cpi_inflation_pct,full sample,"(1, 1, 0)",2023-06,1.41,2.048,-66.5067,70.6028,-0.638,0.638
CPI Inflation,cpi_inflation_pct,full sample,"(1, 1, 0)",2023-07,1.6,2.048,-67.6257,71.7217,-0.448,0.448
CPI Inflation,cpi_inflation_pct,full sample,"(1, 1, 0)",2023-08,2.04,2.048,-68.7269,72.823,-0.008,0.008
CPI Inflation,cpi_inflation_pct,full sample,"(1, 1, 0)",2023-09,2.1,2.048,-69.8113,73.9073,0.052,0.052
CPI Inflation,cpi_inflation_pct,full sample,"(1, 1, 0)",2023-10,2.15,2.048,-70.8795,74.9756,0.102,0.102
CPI Inflation,cpi_inflation_pct,full sample,"(1, 1, 0)",2023-11,2.21,2.048,-71.9323,76.0284,0.162,0.162
CPI Inflation,cpi_inflation_pct,full sample,"(1, 1, 0)",2023-12,2.42,2.048,-72.9703,77.0664,0.372,0.372
CPI Inflation,cpi_inflation_pct,full sample,"(1, 1, 0)",2024-01,2.49,2.048,-73.9942,78.0903,0.442,0.442
CPI Inflation,cpi_inflation_pct,full sample,"(1, 1, 0)",2024-02,2.58,2.048,-75.0045,79.1005,0.532,0.532
CPI Inflation,cpi_inflation_pct,full sample,"(1, 1, 0)",2024-03,2.54,2.048,-76.0017,80.0977,0.492,0.492
CPI Inflation,cpi_inflation_pct,full sample,"(1, 1, 0)",2024-04,2.61,2.048,-76.9863,81.0823,0.562,0.562
CPI Inflation,cpi_inflation_pct,full sample,"(1, 1, 0)",2024-05,2.49,2.048,-77.9588,82.0548,0.442,0.442
CPI Inflation,cpi_inflation_pct,full sample,"(1, 1, 0)",2024-06,2.07,2.048,-78.9196,83.0157,0.022,0.022
CPI Inflation,cpi_inflation_pct,full sample,"(1, 1, 0)",2024-07,1.68,2.048,-79.8691,83.9652,-0.368,0.368
CPI Inflation,cpi_inflation_pct,full sample,"(1, 1, 0)",2024-08,1.61,2.048,-80.8078,84.9039,-0.438,0.438
CPI Inflation,cpi_inflation_pct,full sample,"(1, 1, 0)",2024-09,1.63,2.048,-81.736,85.832,-0.418,0.418
CPI Inflation,cpi_inflation_pct,full sample,"(1, 1, 0)",2024-10,1.55,2.048,-82.6539,86.75,-0.498,0.498
CPI Inflation,cpi_inflation_pct,full sample,"(1, 1, 0)",2024-11,1.61,2.048,-83.5621,87.6581,-0.438,0.438
CPI Inflation,cpi_inflation_pct,full sample,"(1, 1, 0)",2024-12,1.7,2.048,-84.4607,88.5567,-0.348,0.348
CPI Inflation,cpi_inflation_pct,full sample,"(1, 1, 0)",2025-01,1.67,2.048,-85.35,89.4461,-0.378,0.378
CPI Inflation,cpi_inflation_pct,full sample,"(1, 1, 0)",2025-02,1.59,2.048,-86.2304,90.3265,-0.458,0.458
CPI Inflation,cpi_inflation_pct,full sample,"(1, 1, 0)",2025-03,1.38,2.048,-87.1022,91.1982,-0.668,0.668
CPI Inflation,cpi_inflation_pct,full sample,"(1, 1, 0)",2025-04,1.34,2.048,-87.9654,92.0615,-0.708,0.708
CPI Inflation,cpi_inflation_pct,full sample,"(1, 1, 0)",2025-05,1.17,2.048,-88.8205,92.9166,-0.878,0.878
CPI Inflation,cpi_inflation_pct,full sample,"(1, 1, 0)",2025-06,1.21,2.048,-89.6676,93.7637,-0.838,0.838
CPI Inflation,cpi_inflation_pct,full sample,"(1, 1, 0)",2025-07,1.47,2.048,-90.5069,94.603,-0.578,0.578
CPI Inflation,cpi_inflation_pct,full sample,"(1, 1, 0)",2025-08,1.09,2.048,-91.3387,95.4348,-0.958,0.958
CPI Inflation,cpi_inflation_pct,full sample,"(1, 1, 0)",2025-09,1.08,2.048,-92.1632,96.2593,-0.968,0.968
CPI Inflation,cpi_inflation_pct,full sample,"(1, 1, 0)",2025-10,0.93,2.048,-92.9805,97.0766,-1.118,1.118
CPI Inflation,cpi_inflation_pct,full sample,"(1, 1, 0)",2025-11,0.85,2.048,-93.7908,97.8869,-1.198,1.198
CPI Inflation,cpi_inflation_pct,full sample,"(1, 1, 0)",2025-12,0.95,2.048,-94.5944,98.6904,-1.098,1.098
CPI Inflation,cpi_inflation_pct,post 2002,"(1, 0, 0)",2021-01,2.0,2.0304,0.8851,3.1758,-0.0304,0.0304
CPI Inflation,cpi_inflation_pct,post 2002,"(1, 0, 0)",2021-02,2.07,2.0037,0.4579,3.5494,0.0663,0.0663
CPI Inflation,cpi_inflation_pct,post 2002,"(1, 0, 0)",2021-03,1.78,1.9794,0.1699,3.7889,-0.1994,0.1994
CPI Inflation,cpi_inflation_pct,post 2002,"(1, 0, 0)",2021-04,2.09,1.9574,-0.0429,3.9577,0.1326,0.1326
CPI Inflation,cpi_inflation_pct,post 2002,"(1, 0, 0)",2021-05,2.03,1.9375,-0.2068,4.0818,0.0925,0.0925
CPI Inflation,cpi_inflation_pct,post 2002,"(1, 0, 0)",2021-06,2.05,1.9194,-0.3363,4.1751,0.1306,0.1306
CPI Inflation,cpi_inflation_pct,post 2002,"(1, 0, 0)",2021-07,2.1,1.903,-0.4403,4.2463,0.197,0.197
CPI Inflation,cpi_inflation_pct,post 2002,"(1, 0, 0)",2021-08,2.13,1.8882,-0.5246,4.301,0.2418,0.2418
CPI Inflation,cpi_inflation_pct,post 2002,"(1, 0, 0)",2021-09,2.18,1.8747,-0.5937,4.3432,0.3053,0.3053
CPI Inflation,cpi_inflation_pct,post 2002,"(1, 0, 0)",2021-10,2.06,1.8626,-0.6507,4.3758,0.1974,0.1974
CPI Inflation,cpi_inflation_pct,post 2002,"(1, 0, 0)",2021-11,2.08,1.8515,-0.6979,4.401,0.2285,0.2285
CPI Inflation,cpi_inflation_pct,post 2002,"(1, 0, 0)",2021-12,2.1,1.8415,-0.7373,4.4203,0.2585,0.2585
CPI Inflation,cpi_inflation_pct,post 2002,"(1, 0, 0)",2022-01,2.0,1.8324,-0.7702,4.4351,0.1676,0.1676
CPI Inflation,cpi_inflation_pct,post 2002,"(1, 0, 0)",2022-02,1.77,1.8242,-0.7979,4.4463,-0.0542,0.0542
CPI Inflation,cpi_inflation_pct,post 2002,"(1, 0, 0)",2022-03,1.56,1.8168,-0.8212,4.4547,-0.2568,0.2568
CPI Inflation,cpi_inflation_pct,post 2002,"(1, 0, 0)",2022-04,1.12,1.81,-0.8409,4.4609,-0.69,0.69
CPI Inflation,cpi_inflation_pct,post 2002,"(1, 0, 0)",2022-05,0.93,1.8039,-0.8576,4.4654,-0.8739,0.8739
CPI Inflation,cpi_inflation_pct,post 2002,"(1, 0, 0)",2022-06,0.84,1.7983,-0.8718,4.4685,-0.9583,0.9583
CPI Inflation,cpi_inflation_pct,post 2002,"(1, 0, 0)",2022-07,0.81,1.7933,-0.8839,4.4705,-0.9833,0.9833
CPI Inflation,cpi_inflation_pct,post 2002,"(1, 0, 0)",2022-08,0.76,1.7888,-0.8943,4.4718,-1.0288,1.0288
CPI Inflation,cpi_inflation_pct,post 2002,"(1, 0, 0)",2022-09,0.79,1.7846,-0.9032,4.4724,-0.9946,0.9946
CPI Inflation,cpi_inflation_pct,post 2002,"(1, 0, 0)",2022-10,0.78,1.7809,-0.9108,4.4726,-1.0009,1.0009
CPI Inflation,cpi_inflation_pct,post 2002,"(1, 0, 0)",2022-11,0.82,1.7775,-0.9174,4.4724,-0.9575,0.9575
CPI Inflation,cpi_inflation_pct,post 2002,"(1, 0, 0)",2022-12,0.87,1.7744,-0.9231,4.472,-0.9044,0.9044
CPI Inflation,cpi_inflation_pct,post 2002,"(1, 0, 0)",2023-01,0.83,1.7717,-0.928,4.4713,-0.9417,0.9417
CPI Inflation,cpi_inflation_pct,post 2002,"(1, 0, 0)",2023-02,0.86,1.7691,-0.9323,4.4706,-0.9091,0.9091
CPI Inflation,cpi_inflation_pct,post 2002,"(1, 0, 0)",2023-03,0.9,1.7668,-0.9361,4.4698,-0.8668,0.8668
CPI Inflation,cpi_inflation_pct,post 2002,"(1, 0, 0)",2023-04,0.92,1.7648,-0.9393,4.4689,-0.8448,0.8448
CPI Inflation,cpi_inflation_pct,post 2002,"(1, 0, 0)",2023-05,0.95,1.7629,-0.9422,4.468,-0.8129,0.8129
CPI Inflation,cpi_inflation_pct,post 2002,"(1, 0, 0)",2023-06,1.41,1.7612,-0.9447,4.4671,-0.3512,0.3512
CPI Inflation,cpi_inflation_pct,post 2002,"(1, 0, 0)",2023-07,1.6,1.7596,-0.9469,4.4662,-0.1596,0.1596
CPI Inflation,cpi_inflation_pct,post 2002,"(1, 0, 0)",2023-08,2.04,1.7583,-0.9488,4.4653,0.2817,0.2817
CPI Inflation,cpi_inflation_pct,post 2002,"(1, 0, 0)",2023-09,2.1,1.757,-0.9506,4.4645,0.343,0.343
CPI Inflation,cpi_inflation_pct,post 2002,"(1, 0, 0)",2023-10,2.15,1.7558,-0.9521,4.4637,0.3942,0.3942
CPI Inflation,cpi_inflation_pct,post 2002,"(1, 0, 0)",2023-11,2.21,1.7548,-0.9534,4.463,0.4552,0.4552
CPI Inflation,cpi_inflation_pct,post 2002,"(1, 0, 0)",2023-12,2.42,1.7539,-0.9546,4.4623,0.6661,0.6661
CPI Inflation,cpi_inflation_pct,post 2002,"(1, 0, 0)",2024-01,2.49,1.753,-0.9557,4.4617,0.737,0.737
CPI Inflation,cpi_inflation_pct,post 2002,"(1, 0, 0)",2024-02,2.58,1.7522,-0.9566,4.461,0.8278,0.8278
CPI Inflation,cpi_inflation_pct,post 2002,"(1, 0, 0)",2024-03,2.54,1.7515,-0.9574,4.4605,0.7885,0.7885
CPI Inflation,cpi_inflation_pct,post 2002,"(1, 0, 0)",2024-04,2.61,1.7509,-0.9582,4.46,0.8591,0.8591
CPI Inflation,cpi_inflation_pct,post 2002,"(1, 0, 0)",2024-05,2.49,1.7503,-0.9589,4.4595,0.7397,0.7397
CPI Inflation,cpi_inflation_pct,post 2002,"(1, 0, 0)",2024-06,2.07,1.7498,-0.9595,4.459,0.3202,0.3202
CPI Inflation,cpi_inflation_pct,post 2002,"(1, 0, 0)",2024-07,1.68,1.7493,-0.96,4.4586,-0.0693,0.0693
CPI Inflation,cpi_inflation_pct,post 2002,"(1, 0, 0)",2024-08,1.61,1.7489,-0.9605,4.4582,-0.1389,0.1389
CPI Inflation,cpi_inflation_pct,post 2002,"(1, 0, 0)",2024-09,1.63,1.7485,-0.9609,4.4579,-0.1185,0.1185
CPI Inflation,cpi_inflation_pct,post 2002,"(1, 0, 0)",2024-10,1.55,1.7481,-0.9613,4.4576,-0.1981,0.1981
CPI Inflation,cpi_inflation_pct,post 2002,"(1, 0, 0)",2024-11,1.61,1.7478,-0.9616,4.4573,-0.1378,0.1378
CPI Inflation,cpi_inflation_pct,post 2002,"(1, 0, 0)",2024-12,1.7,1.7475,-0.9619,4.457,-0.0475,0.0475
CPI Inflation,cpi_inflation_pct,post 2002,"(1, 0, 0)",2025-01,1.67,1.7473,-0.9622,4.4568,-0.0773,0.0773
CPI Inflation,cpi_inflation_pct,post 2002,"(1, 0, 0)",2025-02,1.59,1.747,-0.9625,4.4566,-0.157,0.157
CPI Inflation,cpi_inflation_pct,post 2002,"(1, 0, 0)",2025-03,1.38,1.7468,-0.9627,4.4563,-0.3668,0.3668
CPI Inflation,cpi_inflation_pct,post 2002,"(1, 0, 0)",2025-04,1.34,1.7466,-0.9629,4.4562,-0.4066,0.4066
CPI Inflation,cpi_inflation_pct,post 2002,"(1, 0, 0)",2025-05,1.17,1.7464,-0.9631,4.456,-0.5764,0.5764
CPI Inflation,cpi_inflation_pct,post 2002,"(1, 0, 0)",2025-06,1.21,1.7463,-0.9633,4.4558,-0.5363,0.5363
CPI Inflation,cpi_inflation_pct,post 2002,"(1, 0, 0)",2025-07,1.47,1.7461,-0.9634,4.4557,-0.2761,0.2761
CPI Inflation,cpi_inflation_pct,post 2002,"(1, 0, 0)",2025-08,1.09,1.746,-0.9636,4.4556,-0.656,0.656
CPI Inflation,cpi_inflation_pct,post 2002,"(1, 0, 0)",2025-09,1.08,1.7459,-0.9637,4.4555,-0.6659,0.6659
CPI Inflation,cpi_inflation_pct,post 2002,"(1, 0, 0)",2025-10,0.93,1.7458,-0.9638,4.4554,-0.8158,0.8158
CPI Inflation,cpi_inflation_pct,post 2002,"(1, 0, 0)",2025-11,0.85,1.7457,-0.9639,4.4553,-0.8957,0.8957
CPI Inflation,cpi_inflation_pct,post 2002,"(1, 0, 0)",2025-12,0.95,1.7456,-0.964,4.4552,-0.7956,0.7956
CPI Inflation,cpi_inflation_pct,post 2014,"(1, 1, 0)",2021-01,2.0,2.0498,1.1924,2.9072,-0.0498,0.0498
CPI Inflation,cpi_inflation_pct,post 2014,"(1, 1, 0)",2021-02,2.07,2.0513,0.9238,3.1788,0.0187,0.0187
CPI Inflation,cpi_inflation_pct,post 2014,"(1, 1, 0)",2021-03,1.78,2.0511,0.6966,3.4055,-0.2711,0.2711
CPI Inflation,cpi_inflation_pct,post 2014,"(1, 1, 0)",2021-04,2.09,2.0511,0.5039,3.5983,0.0389,0.0389
CPI Inflation,cpi_inflation_pct,post 2014,"(1, 1, 0)",2021-05,2.03,2.0511,0.3324,3.7697,-0.0211,0.0211
CPI Inflation,cpi_inflation_pct,post 2014,"(1, 1, 0)",2021-06,2.05,2.0511,0.1766,3.9255,-0.0011,0.0011
CPI Inflation,cpi_inflation_pct,post 2014,"(1, 1, 0)",2021-07,2.1,2.0511,0.0328,4.0693,0.0489,0.0489
CPI Inflation,cpi_inflation_pct,post 2014,"(1, 1, 0)",2021-08,2.13,2.0511,-0.1014,4.2036,0.0789,0.0789
CPI Inflation,cpi_inflation_pct,post 2014,"(1, 1, 0)",2021-09,2.18,2.0511,-0.2277,4.3299,0.1289,0.1289
CPI Inflation,cpi_inflation_pct,post 2014,"(1, 1, 0)",2021-10,2.06,2.0511,-0.3474,4.4496,0.0089,0.0089
CPI Inflation,cpi_inflation_pct,post 2014,"(1, 1, 0)",2021-11,2.08,2.0511,-0.4614,4.5636,0.0289,0.0289
CPI Inflation,cpi_inflation_pct,post 2014,"(1, 1, 0)",2021-12,2.1,2.0511,-0.5704,4.6726,0.0489,0.0489
CPI Inflation,cpi_inflation_pct,post 2014,"(1, 1, 0)",2022-01,2.0,2.0511,-0.6751,4.7773,-0.0511,0.0511
CPI Inflation,cpi_inflation_pct,post 2014,"(1, 1, 0)",2022-02,1.77,2.0511,-0.7759,4.8781,-0.2811,0.2811
CPI Inflation,cpi_inflation_pct,post 2014,"(1, 1, 0)",2022-03,1.56,2.0511,-0.8732,4.9754,-0.4911,0.4911
CPI Inflation,cpi_inflation_pct,post 2014,"(1, 1, 0)",2022-04,1.12,2.0511,-0.9674,5.0696,-0.9311,0.9311
CPI Inflation,cpi_inflation_pct,post 2014,"(1, 1, 0)",2022-05,0.93,2.0511,-1.0588,5.1609,-1.1211,1.1211
CPI Inflation,cpi_inflation_pct,post 2014,"(1, 1, 0)",2022-06,0.84,2.0511,-1.1475,5.2497,-1.2111,1.2111
CPI Inflation,cpi_inflation_pct,post 2014,"(1, 1, 0)",2022-07,0.81,2.0511,-1.2339,5.336,-1.2411,1.2411
CPI Inflation,cpi_inflation_pct,post 2014,"(1, 1, 0)",2022-08,0.76,2.0511,-1.318,5.4202,-1.2911,1.2911
CPI Inflation,cpi_inflation_pct,post 2014,"(1, 1, 0)",2022-09,0.79,2.0511,-1.4001,5.5022,-1.2611,1.2611
CPI Inflation,cpi_inflation_pct,post 2014,"(1, 1, 0)",2022-10,0.78,2.0511,-1.4802,5.5824,-1.2711,1.2711
CPI Inflation,cpi_inflation_pct,post 2014,"(1, 1, 0)",2022-11,0.82,2.0511,-1.5586,5.6608,-1.2311,1.2311
CPI Inflation,cpi_inflation_pct,post 2014,"(1, 1, 0)",2022-12,0.87,2.0511,-1.6354,5.7375,-1.1811,1.1811
CPI Inflation,cpi_inflation_pct,post 2014,"(1, 1, 0)",2023-01,0.83,2.0511,-1.7105,5.8127,-1.2211,1.2211
CPI Inflation,cpi_inflation_pct,post 2014,"(1, 1, 0)",2023-02,0.86,2.0511,-1.7842,5.8864,-1.1911,1.1911
CPI Inflation,cpi_inflation_pct,post 2014,"(1, 1, 0)",2023-03,0.9,2.0511,-1.8565,5.9587,-1.1511,1.1511
CPI Inflation,cpi_inflation_pct,post 2014,"(1, 1, 0)",2023-04,0.92,2.0511,-1.9275,6.0297,-1.1311,1.1311
CPI Inflation,cpi_inflation_pct,post 2014,"(1, 1, 0)",2023-05,0.95,2.0511,-1.9972,6.0994,-1.1011,1.1011
CPI Inflation,cpi_inflation_pct,post 2014,"(1, 1, 0)",2023-06,1.41,2.0511,-2.0658,6.1679,-0.6411,0.6411
CPI Inflation,cpi_inflation_pct,post 2014,"(1, 1, 0)",2023-07,1.6,2.0511,-2.1332,6.2354,-0.4511,0.4511
CPI Inflation,cpi_inflation_pct,post 2014,"(1, 1, 0)",2023-08,2.04,2.0511,-2.1996,6.3018,-0.0111,0.0111
CPI Inflation,cpi_inflation_pct,post 2014,"(1, 1, 0)",2023-09,2.1,2.0511,-2.2649,6.3671,0.0489,0.0489
CPI Inflation,cpi_inflation_pct,post 2014,"(1, 1, 0)",2023-10,2.15,2.0511,-2.3293,6.4315,0.0989,0.0989
CPI Inflation,cpi_inflation_pct,post 2014,"(1, 1, 0)",2023-11,2.21,2.0511,-2.3927,6.4949,0.1589,0.1589
CPI Inflation,cpi_inflation_pct,post 2014,"(1, 1, 0)",2023-12,2.42,2.0511,-2.4553,6.5575,0.3689,0.3689
CPI Inflation,cpi_inflation_pct,post 2014,"(1, 1, 0)",2024-01,2.49,2.0511,-2.517,6.6191,0.4389,0.4389
CPI Inflation,cpi_inflation_pct,post 2014,"(1, 1, 0)",2024-02,2.58,2.0511,-2.5778,6.68,0.5289,0.5289
CPI Inflation,cpi_inflation_pct,post 2014,"(1, 1, 0)",2024-03,2.54,2.0511,-2.6379,6.7401,0.4889,0.4889
CPI Inflation,cpi_inflation_pct,post 2014,"(1, 1, 0)",2024-04,2.61,2.0511,-2.6972,6.7994,0.5589,0.5589
CPI Inflation,cpi_inflation_pct,post 2014,"(1, 1, 0)",2024-05,2.49,2.0511,-2.7558,6.858,0.4389,0.4389
CPI Inflation,cpi_inflation_pct,post 2014,"(1, 1, 0)",2024-06,2.07,2.0511,-2.8137,6.9159,0.0189,0.0189
CPI Inflation,cpi_inflation_pct,post 2014,"(1, 1, 0)",2024-07,1.68,2.0511,-2.8709,6.9731,-0.3711,0.3711
CPI Inflation,cpi_inflation_pct,post 2014,"(1, 1, 0)",2024-08,1.61,2.0511,-2.9274,7.0296,-0.4411,0.4411
CPI Inflation,cpi_inflation_pct,post 2014,"(1, 1, 0)",2024-09,1.63,2.0511,-2.9833,7.0855,-0.4211,0.4211
CPI Inflation,cpi_inflation_pct,post 2014,"(1, 1, 0)",2024-10,1.55,2.0511,-3.0386,7.1408,-0.5011,0.5011
CPI Inflation,cpi_inflation_pct,post 2014,"(1, 1, 0)",2024-11,1.61,2.0511,-3.0933,7.1955,-0.4411,0.4411
CPI Inflation,cpi_inflation_pct,post 2014,"(1, 1, 0)",2024-12,1.7,2.0511,-3.1475,7.2496,-0.3511,0.3511
CPI Inflation,cpi_inflation_pct,post 2014,"(1, 1, 0)",2025-01,1.67,2.0511,-3.201,7.3032,-0.3811,0.3811
CPI Inflation,cpi_inflation_pct,post 2014,"(1, 1, 0)",2025-02,1.59,2.0511,-3.254,7.3562,-0.4611,0.4611
CPI Inflation,cpi_inflation_pct,post 2014,"(1, 1, 0)",2025-03,1.38,2.0511,-3.3065,7.4087,-0.6711,0.6711
CPI Inflation,cpi_inflation_pct,post 2014,"(1, 1, 0)",2025-04,1.34,2.0511,-3.3585,7.4607,-0.7111,0.7111
CPI Inflation,cpi_inflation_pct,post 2014,"(1, 1, 0)",2025-05,1.17,2.0511,-3.41,7.5122,-0.8811,0.8811
CPI Inflation,cpi_inflation_pct,post 2014,"(1, 1, 0)",2025-06,1.21,2.0511,-3.461,7.5632,-0.8411,0.8411
CPI Inflation,cpi_inflation_pct,post 2014,"(1, 1, 0)",2025-07,1.47,2.0511,-3.5116,7.6138,-0.5811,0.5811
CPI Inflation,cpi_inflation_pct,post 2014,"(1, 1, 0)",2025-08,1.09,2.0511,-3.5617,7.6639,-0.9611,0.9611
CPI Inflation,cpi_inflation_pct,post 2014,"(1, 1, 0)",2025-09,1.08,2.0511,-3.6113,7.7135,-0.9711,0.9711
CPI Inflation,cpi_inflation_pct,post 2014,"(1, 1, 0)",2025-10,0.93,2.0511,-3.6606,7.7627,-1.1211,1.1211
CPI Inflation,cpi_inflation_pct,post 2014,"(1, 1, 0)",2025-11,0.85,2.0511,-3.7093,7.8115,-1.2011,1.2011
CPI Inflation,cpi_inflation_pct,post 2014,"(1, 1, 0)",2025-12,0.95,2.0511,-3.7577,7.8599,-1.1011,1.1011
USD/AOA Exchange Rate,usd_aoa_monthly,full sample,"(1, 1, 1)",2021-01,651.132,663.9945,652.5822,675.4068,-12.8625,12.8625
USD/AOA Exchange Rate,usd_aoa_monthly,full sample,"(1, 1, 1)",2021-02,647.915,677.6934,660.551,694.8359,-29.7784,29.7784
USD/AOA Exchange Rate,usd_aoa_monthly,full sample,"(1, 1, 1)",2021-03,619.23,691.3192,669.0826,713.5558,-72.0892,72.0892
USD/AOA Exchange Rate,usd_aoa_monthly,full sample,"(1, 1, 1)",2021-04,645.5,704.8722,677.7505,731.9938,-59.3722,59.3722
USD/AOA Exchange Rate,usd_aoa_monthly,full sample,"(1, 1, 1)",2021-05,648.225,718.3527,686.4044,750.3011,-70.1277,70.1277
USD/AOA Exchange Rate,usd_aoa_monthly,full sample,"(1, 1, 1)",2021-06,645.531,731.7613,694.9751,768.5474,-86.2303,86.2303
USD/AOA Exchange Rate,usd_aoa_monthly,full sample,"(1, 1, 1)",2021-07,644.0,745.0982,703.4266,786.7698,-101.0982,101.0982
USD/AOA Exchange Rate,usd_aoa_monthly,full sample,"(1, 1, 1)",2021-08,638.875,758.3638,711.7387,804.989,-119.4888,119.4888
USD/AOA Exchange Rate,usd_aoa_monthly,full sample,"(1, 1, 1)",2021-09,618.875,771.5586,719.9,823.2173,-152.6836,152.6836
USD/AOA Exchange Rate,usd_aoa_monthly,full sample,"(1, 1, 1)",2021-10,597.402,784.683,727.9039,841.462,-187.281,187.281
USD/AOA Exchange Rate,usd_aoa_monthly,full sample,"(1, 1, 1)",2021-11,596.652,797.7372,735.7471,859.7272,-201.0852,201.0852
USD/AOA Exchange Rate,usd_aoa_monthly,full sample,"(1, 1, 1)",2021-12,569.4,810.7216,743.428,878.0153,-241.3216,241.3216
USD/AOA Exchange Rate,usd_aoa_monthly,full sample,"(1, 1, 1)",2022-01,547.8,823.6367,750.9464,896.3271,-275.8367,275.8367
USD/AOA Exchange Rate,usd_aoa_monthly,full sample,"(1, 1, 1)",2022-02,521.0,836.4828,758.3028,914.6628,-315.4828,315.4828
USD/AOA Exchange Rate,usd_aoa_monthly,full sample,"(1, 1, 1)",2022-03,453.0,849.2603,765.4985,933.0221,-396.2603,396.2603
USD/AOA Exchange Rate,usd_aoa_monthly,full sample,"(1, 1, 1)",2022-04,415.831,861.9695,772.5349,951.4041,-446.1385,446.1385
USD/AOA Exchange Rate,usd_aoa_monthly,full sample,"(1, 1, 1)",2022-05,404.0,874.6108,779.4138,969.8078,-470.6108,470.6108
USD/AOA Exchange Rate,usd_aoa_monthly,full sample,"(1, 1, 1)",2022-06,421.0,887.1846,786.1372,988.232,-466.1846,466.1846
USD/AOA Exchange Rate,usd_aoa_monthly,full sample,"(1, 1, 1)",2022-07,420.0,899.6912,792.7071,1006.6753,-479.6912,479.6912
USD/AOA Exchange Rate,usd_aoa_monthly,full sample,"(1, 1, 1)",2022-08,420.0,912.131,799.1256,1025.1365,-492.131,492.131
USD/AOA Exchange Rate,usd_aoa_monthly,full sample,"(1, 1, 1)",2022-09,420.0,924.5044,805.3949,1043.6139,-504.5044,504.5044
USD/AOA Exchange Rate,usd_aoa_monthly,full sample,"(1, 1, 1)",2022-10,436.0,936.8117,811.517,1062.1063,-500.8117,500.8117
USD/AOA Exchange Rate,usd_aoa_monthly,full sample,"(1, 1, 1)",2022-11,498.3745,949.0532,817.4941,1080.6123,-450.6787,450.6787
USD/AOA Exchange Rate,usd_aoa_monthly,full sample,"(1, 1, 1)",2022-12,503.25,961.2293,823.3283,1099.1303,-457.9793,457.9793
USD/AOA Exchange Rate,usd_aoa_monthly,full sample,"(1, 1, 1)",2023-01,503.688,973.3403,829.0216,1117.659,-469.6523,469.6523
USD/AOA Exchange Rate,usd_aoa_monthly,full sample,"(1, 1, 1)",2023-02,502.25,985.3867,834.5763,1136.1971,-483.1367,483.1367
USD/AOA Exchange Rate,usd_aoa_monthly,full sample,"(1, 1, 1)",2023-03,503.0,997.3687,839.9942,1154.7432,-494.3687,494.3687
USD/AOA Exchange Rate,usd_aoa_monthly,full sample,"(1, 1, 1)",2023-04,503.95,1009.2867,845.2773,1173.2961,-505.3367,505.3367
USD/AOA Exchange Rate,usd_aoa_monthly,full sample,"(1, 1, 1)",2023-05,525.2,1021.141,850.4276,1191.8545,-495.941,495.941
USD/AOA Exchange Rate,usd_aoa_monthly,full sample,"(1, 1, 1)",2023-06,698.5,1032.932,855.4469,1210.4171,-334.432,334.432
USD/AOA Exchange Rate,usd_aoa_monthly,full sample,"(1, 1, 1)",2023-07,827.0,1044.66,860.3372,1228.9829,-217.66,217.66
USD/AOA Exchange Rate,usd_aoa_monthly,full sample,"(1, 1, 1)",2023-08,830.0,1056.3254,865.1002,1247.5506,-226.3254,226.3254
USD/AOA Exchange Rate,usd_aoa_monthly,full sample,"(1, 1, 1)",2023-09,829.0,1067.9284,869.7378,1266.1191,-238.9284,238.9284
USD/AOA Exchange Rate,usd_aoa_monthly,full sample,"(1, 1, 1)",2023-10,831.5,1079.4695,874.2515,1284.6875,-247.9695,247.9695
USD/AOA Exchange Rate,usd_aoa_monthly,full sample,"(1, 1, 1)",2023-11,834.3,1090.9489,878.6432,1303.2546,-256.6489,256.6489
USD/AOA Exchange Rate,usd_aoa_monthly,full sample,"(1, 1, 1)",2023-12,840.0,1102.367,882.9145,1321.8194,-262.367,262.367
USD/AOA Exchange Rate,usd_aoa_monthly,full sample,"(1, 1, 1)",2024-01,844.0,1113.7241,887.0671,1340.3811,-269.7241,269.7241
USD/AOA Exchange Rate,usd_aoa_monthly,full sample,"(1, 1, 1)",2024-02,840.0,1125.0205,891.1024,1358.9386,-285.0205,285.0205
USD/AOA Exchange Rate,usd_aoa_monthly,full sample,"(1, 1, 1)",2024-03,833.0,1136.2565,895.0221,1377.491,-303.2565,303.2565
USD/AOA Exchange Rate,usd_aoa_monthly,full sample,"(1, 1, 1)",2024-04,841.393,1147.4326,898.8276,1396.0375,-306.0396,306.0396
USD/AOA Exchange Rate,usd_aoa_monthly,full sample,"(1, 1, 1)",2024-05,851.5,1158.5489,902.5205,1414.5773,-307.0489,307.0489
USD/AOA Exchange Rate,usd_aoa_monthly,full sample,"(1, 1, 1)",2024-06,863.423,1169.6059,906.1023,1433.1095,-306.1829,306.1829
USD/AOA Exchange Rate,usd_aoa_monthly,full sample,"(1, 1, 1)",2024-07,882.157,1180.6037,909.5742,1451.6333,-298.4467,298.4467
USD/AOA Exchange Rate,usd_aoa_monthly,full sample,"(1, 1, 1)",2024-08,895.625,1191.5429,912.9378,1470.1479,-295.9179,295.9179
USD/AOA Exchange Rate,usd_aoa_monthly,full sample,"(1, 1, 1)",2024-09,936.292,1202.4236,916.1944,1488.6528,-266.1316,266.1316
USD/AOA Exchange Rate,usd_aoa_monthly,full sample,"(1, 1, 1)",2024-10,918.141,1213.2461,919.3453,1507.147,-295.1051,295.1051
USD/AOA Exchange Rate,usd_aoa_monthly,full sample,"(1, 1, 1)",2024-11,918.141,1224.0109,922.3918,1525.6299,-305.8699,305.8699
USD/AOA Exchange Rate,usd_aoa_monthly,full sample,"(1, 1, 1)",2024-12,922.3845,1234.7181,925.3353,1544.1009,-312.3336,312.3336
USD/AOA Exchange Rate,usd_aoa_monthly,full sample,"(1, 1, 1)",2025-01,912.0,1245.3682,928.177,1562.5594,-333.3682,333.3682
USD/AOA Exchange Rate,usd_aoa_monthly,full sample,"(1, 1, 1)",2025-02,912.0,1255.9613,930.918,1581.0046,-343.9613,343.9613
USD/AOA Exchange Rate,usd_aoa_monthly,full sample,"(1, 1, 1)",2025-03,912.0,1266.4979,933.5597,1599.436,-354.4979,354.4979
USD/AOA Exchange Rate,usd_aoa_monthly,full sample,"(1, 1, 1)",2025-04,912.0,1276.9781,936.1033,1617.853,-364.9781,364.9781
USD/AOA Exchange Rate,usd_aoa_monthly,full sample,"(1, 1, 1)",2025-05,921.12,1287.4024,938.5498,1636.2551,-366.2824,366.2824
USD/AOA Exchange Rate,usd_aoa_monthly,full sample,"(1, 1, 1)",2025-06,921.13,1297.771,940.9004,1654.6416,-376.641,376.641
USD/AOA Exchange Rate,usd_aoa_monthly,full sample,"(1, 1, 1)",2025-07,918.655,1308.0842,943.1563,1673.0121,-389.4292,389.4292
USD/AOA Exchange Rate,usd_aoa_monthly,full sample,"(1, 1, 1)",2025-08,918.65,1318.3423,945.3186,1691.3661,-399.6923,399.6923
USD/AOA Exchange Rate,usd_aoa_monthly,full sample,"(1, 1, 1)",2025-09,918.655,1328.5456,947.3883,1709.703,-409.8906,409.8906
USD/AOA Exchange Rate,usd_aoa_monthly,full sample,"(1, 1, 1)",2025-10,918.678,1338.6944,949.3665,1728.0224,-420.0164,420.0164
USD/AOA Exchange Rate,usd_aoa_monthly,full sample,"(1, 1, 1)",2025-11,918.785,1348.789,951.2543,1746.3238,-430.004,430.004
USD/AOA Exchange Rate,usd_aoa_monthly,full sample,"(1, 1, 1)",2025-12,918.986,1358.8297,953.0526,1764.6067,-439.8437,439.8437
USD/AOA Exchange Rate,usd_aoa_monthly,post 2014,"(1, 1, 1)",2021-01,651.132,663.121,641.2834,684.9587,-11.989,11.989
USD/AOA Exchange Rate,usd_aoa_monthly,post 2014,"(1, 1, 1)",2021-02,647.915,675.844,642.9615,708.7265,-27.929,27.929
USD/AOA Exchange Rate,usd_aoa_monthly,post 2014,"(1, 1, 1)",2021-03,619.23,688.3934,645.6597,731.1271,-69.1634,69.1634
USD/AOA Exchange Rate,usd_aoa_monthly,post 2014,"(1, 1, 1)",2021-04,645.5,700.7715,648.5789,752.9642,-55.2715,55.2715
USD/AOA Exchange Rate,usd_aoa_monthly,post 2014,"(1, 1, 1)",2021-05,648.225,712.9807,651.4432,774.5183,-64.7557,64.7557
USD/AOA Exchange Rate,usd_aoa_monthly,post 2014,"(1, 1, 1)",2021-06,645.531,725.0233,654.1296,795.917,-79.4923,79.4923
USD/AOA Exchange Rate,usd_aoa_monthly,post 2014,"(1, 1, 1)",2021-07,644.0,736.9016,656.5769,817.2262,-92.9016,92.9016
USD/AOA Exchange Rate,usd_aoa_monthly,post 2014,"(1, 1, 1)",2021-08,638.875,748.6177,658.7533,838.4821,-109.7427,109.7427
USD/AOA Exchange Rate,usd_aoa_monthly,post 2014,"(1, 1, 1)",2021-09,618.875,760.174,660.643,859.7049,-141.299,141.299
USD/AOA Exchange Rate,usd_aoa_monthly,post 2014,"(1, 1, 1)",2021-10,597.402,771.5725,662.239,880.9061,-174.1705,174.1705
USD/AOA Exchange Rate,usd_aoa_monthly,post 2014,"(1, 1, 1)",2021-11,596.652,782.8155,663.5395,902.0915,-186.1635,186.1635
USD/AOA Exchange Rate,usd_aoa_monthly,post 2014,"(1, 1, 1)",2021-12,569.4,793.9051,664.5463,923.2639,-224.5051,224.5051
USD/AOA Exchange Rate,usd_aoa_monthly,post 2014,"(1, 1, 1)",2022-01,547.8,804.8433,665.2631,944.4236,-257.0433,257.0433
USD/AOA Exchange Rate,usd_aoa_monthly,post 2014,"(1, 1, 1)",2022-02,521.0,815.6323,665.6949,965.5697,-294.6323,294.6323
USD/AOA Exchange Rate,usd_aoa_monthly,post 2014,"(1, 1, 1)",2022-03,453.0,826.274,665.8475,986.7006,-373.274,373.274
USD/AOA Exchange Rate,usd_aoa_monthly,post 2014,"(1, 1, 1)",2022-04,415.831,836.7705,665.7272,1007.8138,-420.9395,420.9395
USD/AOA Exchange Rate,usd_aoa_monthly,post 2014,"(1, 1, 1)",2022-05,404.0,847.1238,665.3406,1028.9069,-443.1238,443.1238
USD/AOA Exchange Rate,usd_aoa_monthly,post 2014,"(1, 1, 1)",2022-06,421.0,857.3358,664.6945,1049.977,-436.3358,436.3358
USD/AOA Exchange Rate,usd_aoa_monthly,post 2014,"(1, 1, 1)",2022-07,420.0,867.4084,663.7955,1071.0213,-447.4084,447.4084
USD/AOA Exchange Rate,usd_aoa_monthly,post 2014,"(1, 1, 1)",2022-08,420.0,877.3436,662.6503,1092.0368,-457.3436,457.3436
USD/AOA Exchange Rate,usd_aoa_monthly,post 2014,"(1, 1, 1)",2022-09,420.0,887.1431,661.2656,1113.0207,-467.1431,467.1431
USD/AOA Exchange Rate,usd_aoa_monthly,post 2014,"(1, 1, 1)",2022-10,436.0,896.809,659.6478,1133.9701,-460.809,460.809
USD/AOA Exchange Rate,usd_aoa_monthly,post 2014,"(1, 1, 1)",2022-11,498.3745,906.3429,657.8033,1154.8825,-407.9684,407.9684
USD/AOA Exchange Rate,usd_aoa_monthly,post 2014,"(1, 1, 1)",2022-12,503.25,915.7468,655.7383,1175.7552,-412.4968,412.4968
USD/AOA Exchange Rate,usd_aoa_monthly,post 2014,"(1, 1, 1)",2023-01,503.688,925.0223,653.4589,1196.5856,-421.3343,421.3343
USD/AOA Exchange Rate,usd_aoa_monthly,post 2014,"(1, 1, 1)",2023-02,502.25,934.1712,650.9709,1217.3715,-431.9212,431.9212
USD/AOA Exchange Rate,usd_aoa_monthly,post 2014,"(1, 1, 1)",2023-03,503.0,943.1953,648.2801,1238.1105,-440.1953,440.1953
USD/AOA Exchange Rate,usd_aoa_monthly,post 2014,"(1, 1, 1)",2023-04,503.95,952.0962,645.392,1258.8004,-448.1462,448.1462
USD/AOA Exchange Rate,usd_aoa_monthly,post 2014,"(1, 1, 1)",2023-05,525.2,960.8756,642.312,1279.4393,-435.6756,435.6756
USD/AOA Exchange Rate,usd_aoa_monthly,post 2014,"(1, 1, 1)",2023-06,698.5,969.5353,639.0454,1300.0251,-271.0353,271.0353
USD/AOA Exchange Rate,usd_aoa_monthly,post 2014,"(1, 1, 1)",2023-07,827.0,978.0768,635.5974,1320.5561,-151.0768,151.0768
USD/AOA Exchange Rate,usd_aoa_monthly,post 2014,"(1, 1, 1)",2023-08,830.0,986.5017,631.9728,1341.0306,-156.5017,156.5017
USD/AOA Exchange Rate,usd_aoa_monthly,post 2014,"(1, 1, 1)",2023-09,829.0,994.8116,628.1764,1361.4468,-165.8116,165.8116
USD/AOA Exchange Rate,usd_aoa_monthly,post 2014,"(1, 1, 1)",2023-10,831.5,1003.0081,624.213,1381.8032,-171.5081,171.5081
USD/AOA Exchange Rate,usd_aoa_monthly,post 2014,"(1, 1, 1)",2023-11,834.3,1011.0928,620.0871,1402.0985,-176.7928,176.7928
USD/AOA Exchange Rate,usd_aoa_monthly,post 2014,"(1, 1, 1)",2023-12,840.0,1019.0672,615.803,1422.3313,-179.0672,179.0672
USD/AOA Exchange Rate,usd_aoa_monthly,post 2014,"(1, 1, 1)",2024-01,844.0,1026.9327,611.3651,1442.5003,-182.9327,182.9327
USD/AOA Exchange Rate,usd_aoa_monthly,post 2014,"(1, 1, 1)",2024-02,840.0,1034.6909,606.7775,1462.6042,-194.6909,194.6909
USD/AOA Exchange Rate,usd_aoa_monthly,post 2014,"(1, 1, 1)",2024-03,833.0,1042.3432,602.0443,1482.6421,-209.3432,209.3432
USD/AOA Exchange Rate,usd_aoa_monthly,post 2014,"(1, 1, 1)",2024-04,841.393,1049.8911,597.1693,1502.6129,-208.4981,208.4981
USD/AOA Exchange Rate,usd_aoa_monthly,post 2014,"(1, 1, 1)",2024-05,851.5,1057.336,592.1564,1522.5155,-205.836,205.836
USD/AOA Exchange Rate,usd_aoa_monthly,post 2014,"(1, 1, 1)",2024-06,863.423,1064.6792,587.0094,1542.3491,-201.2562,201.2562
USD/AOA Exchange Rate,usd_aoa_monthly,post 2014,"(1, 1, 1)",2024-07,882.157,1071.9223,581.7317,1562.1129,-189.7653,189.7653
USD/AOA Exchange Rate,usd_aoa_monthly,post 2014,"(1, 1, 1)",2024-08,895.625,1079.0665,576.327,1581.8061,-183.4415,183.4415
USD/AOA Exchange Rate,usd_aoa_monthly,post 2014,"(1, 1, 1)",2024-09,936.292,1086.1133,570.7986,1601.4279,-149.8213,149.8213
USD/AOA Exchange Rate,usd_aoa_monthly,post 2014,"(1, 1, 1)",2024-10,918.141,1093.0638,565.1499,1620.9778,-174.9228,174.9228
USD/AOA Exchange Rate,usd_aoa_monthly,post 2014,"(1, 1, 1)",2024-11,918.141,1099.9196,559.3842,1640.455,-181.7786,181.7786
USD/AOA Exchange Rate,usd_aoa_monthly,post 2014,"(1, 1, 1)",2024-12,922.3845,1106.6817,553.5044,1659.859,-184.2972,184.2972
USD/AOA Exchange Rate,usd_aoa_monthly,post 2014,"(1, 1, 1)",2025-01,912.0,1113.3516,547.5138,1679.1894,-201.3516,201.3516
USD/AOA Exchange Rate,usd_aoa_monthly,post 2014,"(1, 1, 1)",2025-02,912.0,1119.9305,541.4154,1698.4456,-207.9305,207.9305
USD/AOA Exchange Rate,usd_aoa_monthly,post 2014,"(1, 1, 1)",2025-03,912.0,1126.4195,535.2119,1717.6272,-214.4195,214.4195
USD/AOA Exchange Rate,usd_aoa_monthly,post 2014,"(1, 1, 1)",2025-04,912.0,1132.8201,528.9063,1736.7338,-220.8201,220.8201
USD/AOA Exchange Rate,usd_aoa_monthly,post 2014,"(1, 1, 1)",2025-05,921.12,1139.1332,522.5014,1755.7651,-218.0132,218.0132
USD/AOA Exchange Rate,usd_aoa_monthly,post 2014,"(1, 1, 1)",2025-06,921.13,1145.3603,515.9997,1774.7208,-224.2303,224.2303
USD/AOA Exchange Rate,usd_aoa_monthly,post 2014,"(1, 1, 1)",2025-07,918.655,1151.5023,509.404,1793.6006,-232.8473,232.8473
USD/AOA Exchange Rate,usd_aoa_monthly,post 2014,"(1, 1, 1)",2025-08,918.65,1157.5605,502.7168,1812.4043,-238.9105,238.9105
USD/AOA Exchange Rate,usd_aoa_monthly,post 2014,"(1, 1, 1)",2025-09,918.655,1163.5361,495.9406,1831.1316,-244.8811,244.8811
USD/AOA Exchange Rate,usd_aoa_monthly,post 2014,"(1, 1, 1)",2025-10,918.678,1169.4301,489.0778,1849.7824,-250.7521,250.7521
USD/AOA Exchange Rate,usd_aoa_monthly,post 2014,"(1, 1, 1)",2025-11,918.785,1175.2437,482.1308,1868.3566,-256.4587,256.4587
USD/AOA Exchange Rate,usd_aoa_monthly,post 2014,"(1, 1, 1)",2025-12,918.986,1180.9779,475.1019,1886.8539,-261.9919,261.9919
Real Interest Rate,real_interest_rate_monthly,full sample,"(0, 1, 0)",2021-01,-11.9794,3.0951,-14.1521,20.3424,-15.0746,15.0746
Real Interest Rate,real_interest_rate_monthly,full sample,"(0, 1, 0)",2021-02,-11.9794,3.0951,-21.2961,27.4864,-15.0746,15.0746
Real Interest Rate,real_interest_rate_monthly,full sample,"(0, 1, 0)",2021-03,-11.9794,3.0951,-26.778,32.9682,-15.0746,15.0746
Real Interest Rate,real_interest_rate_monthly,full sample,"(0, 1, 0)",2021-04,-11.9794,3.0951,-31.3993,37.5896,-15.0746,15.0746
Real Interest Rate,real_interest_rate_monthly,full sample,"(0, 1, 0)",2021-05,-11.9794,3.0951,-35.4709,41.6611,-15.0746,15.0746
Real Interest Rate,real_interest_rate_monthly,full sample,"(0, 1, 0)",2021-06,-11.9794,3.0951,-39.1518,45.342,-15.0746,15.0746
Real Interest Rate,real_interest_rate_monthly,full sample,"(0, 1, 0)",2021-07,-11.9794,3.0951,-42.5368,48.727,-15.0746,15.0746
Real Interest Rate,real_interest_rate_monthly,full sample,"(0, 1, 0)",2021-08,-11.9794,3.0951,-45.6874,51.8777,-15.0746,15.0746
Real Interest Rate,real_interest_rate_monthly,full sample,"(0, 1, 0)",2021-09,-11.9794,3.0951,-48.6466,54.8368,-15.0746,15.0746
Real Interest Rate,real_interest_rate_monthly,full sample,"(0, 1, 0)",2021-10,-11.9794,3.0951,-51.4454,57.6357,-15.0746,15.0746
Real Interest Rate,real_interest_rate_monthly,full sample,"(0, 1, 0)",2021-11,-11.9794,3.0951,-54.1075,60.2977,-15.0746,15.0746
Real Interest Rate,real_interest_rate_monthly,full sample,"(0, 1, 0)",2021-12,-11.9794,3.0951,-56.651,62.8413,-15.0746,15.0746
Real Interest Rate,real_interest_rate_monthly,full sample,"(0, 1, 0)",2022-01,1.6893,3.0951,-59.0907,65.2809,-1.4058,1.4058
Real Interest Rate,real_interest_rate_monthly,full sample,"(0, 1, 0)",2022-02,1.6893,3.0951,-61.4381,67.6284,-1.4058,1.4058
Real Interest Rate,real_interest_rate_monthly,full sample,"(0, 1, 0)",2022-03,1.6893,3.0951,-63.7031,69.8934,-1.4058,1.4058
Real Interest Rate,real_interest_rate_monthly,full sample,"(0, 1, 0)",2022-04,1.6893,3.0951,-65.8938,72.0841,-1.4058,1.4058
Real Interest Rate,real_interest_rate_monthly,full sample,"(0, 1, 0)",2022-05,1.6893,3.0951,-68.017,74.2073,-1.4058,1.4058
Real Interest Rate,real_interest_rate_monthly,full sample,"(0, 1, 0)",2022-06,1.6893,3.0951,-70.0787,76.2689,-1.4058,1.4058
Real Interest Rate,real_interest_rate_monthly,full sample,"(0, 1, 0)",2022-07,1.6893,3.0951,-72.0838,78.2741,-1.4058,1.4058
Real Interest Rate,real_interest_rate_monthly,full sample,"(0, 1, 0)",2022-08,1.6893,3.0951,-74.0368,80.2271,-1.4058,1.4058
Real Interest Rate,real_interest_rate_monthly,full sample,"(0, 1, 0)",2022-09,1.6893,3.0951,-75.9416,82.1319,-1.4058,1.4058
Real Interest Rate,real_interest_rate_monthly,full sample,"(0, 1, 0)",2022-10,1.6893,3.0951,-77.8016,83.9918,-1.4058,1.4058
Real Interest Rate,real_interest_rate_monthly,full sample,"(0, 1, 0)",2022-11,1.6893,3.0951,-79.6197,85.8099,-1.4058,1.4058
Real Interest Rate,real_interest_rate_monthly,full sample,"(0, 1, 0)",2022-12,1.6893,3.0951,-81.3987,87.589,-1.4058,1.4058
Real Interest Rate,real_interest_rate_monthly,full sample,"(0, 1, 0)",2023-01,-0.8551,3.0951,-83.141,89.3313,-3.9502,3.9502
Real Interest Rate,real_interest_rate_monthly,full sample,"(0, 1, 0)",2023-02,-0.8551,3.0951,-84.8488,91.0391,-3.9502,3.9502
Real Interest Rate,real_interest_rate_monthly,full sample,"(0, 1, 0)",2023-03,-0.8551,3.0951,-86.5241,92.7144,-3.9502,3.9502
Real Interest Rate,real_interest_rate_monthly,full sample,"(0, 1, 0)",2023-04,-0.8551,3.0951,-88.1686,94.3589,-3.9502,3.9502
Real Interest Rate,real_interest_rate_monthly,full sample,"(0, 1, 0)",2023-05,-0.8551,3.0951,-89.7841,95.9743,-3.9502,3.9502
Real Interest Rate,real_interest_rate_monthly,full sample,"(0, 1, 0)",2023-06,-0.8551,3.0951,-91.3719,97.5621,-3.9502,3.9502
Real Interest Rate,real_interest_rate_monthly,full sample,"(0, 1, 0)",2023-07,-0.8551,3.0951,-92.9334,99.1236,-3.9502,3.9502
Real Interest Rate,real_interest_rate_monthly,full sample,"(0, 1, 0)",2023-08,-0.8551,3.0951,-94.4699,100.6602,-3.9502,3.9502
Real Interest Rate,real_interest_rate_monthly,full sample,"(0, 1, 0)",2023-09,-0.8551,3.0951,-95.9827,102.1729,-3.9502,3.9502
Real Interest Rate,real_interest_rate_monthly,full sample,"(0, 1, 0)",2023-10,-0.8551,3.0951,-97.4727,103.6629,-3.9502,3.9502
Real Interest Rate,real_interest_rate_monthly,full sample,"(0, 1, 0)",2023-11,-0.8551,3.0951,-98.9409,105.1311,-3.9502,3.9502
Real Interest Rate,real_interest_rate_monthly,full sample,"(0, 1, 0)",2023-12,-0.8551,3.0951,-100.3883,106.5785,-3.9502,3.9502
Real Interest Rate,real_interest_rate_monthly,full sample,"(0, 1, 0)",2024-01,-4.1776,3.0951,-101.8157,108.0059,-7.2727,7.2727
Real Interest Rate,real_interest_rate_monthly,full sample,"(0, 1, 0)",2024-02,-4.1776,3.0951,-103.224,109.4142,-7.2727,7.2727
Real Interest Rate,real_interest_rate_monthly,full sample,"(0, 1, 0)",2024-03,-4.1776,3.0951,-104.6138,110.8041,-7.2727,7.2727
Real Interest Rate,real_interest_rate_monthly,full sample,"(0, 1, 0)",2024-04,-4.1776,3.0951,-105.9859,112.1762,-7.2727,7.2727
Real Interest Rate,real_interest_rate_monthly,full sample,"(0, 1, 0)",2024-05,-4.1776,3.0951,-107.341,113.5313,-7.2727,7.2727
Real Interest Rate,real_interest_rate_monthly,full sample,"(0, 1, 0)",2024-06,-4.1776,3.0951,-108.6797,114.87,-7.2727,7.2727
Real Interest Rate,real_interest_rate_monthly,full sample,"(0, 1, 0)",2024-07,-4.1776,3.0951,-110.0025,116.1928,-7.2727,7.2727
Real Interest Rate,real_interest_rate_monthly,full sample,"(0, 1, 0)",2024-08,-4.1776,3.0951,-111.3101,117.5003,-7.2727,7.2727
Real Interest Rate,real_interest_rate_monthly,full sample,"(0, 1, 0)",2024-09,-4.1776,3.0951,-112.6028,118.7931,-7.2727,7.2727
Real Interest Rate,real_interest_rate_monthly,full sample,"(0, 1, 0)",2024-10,-4.1776,3.0951,-113.8813,120.0715,-7.2727,7.2727
Real Interest Rate,real_interest_rate_monthly,full sample,"(0, 1, 0)",2024-11,-4.1776,3.0951,-115.1459,121.3362,-7.2727,7.2727
Real Interest Rate,real_interest_rate_monthly,full sample,"(0, 1, 0)",2024-12,-4.1776,3.0951,-116.3972,122.5875,-7.2727,7.2727
Real Interest Rate,real_interest_rate_monthly,full sample,"(0, 1, 0)",2025-01,1.94,3.0951,-117.6355,123.8257,-1.1551,1.1551
Real Interest Rate,real_interest_rate_monthly,full sample,"(0, 1, 0)",2025-02,1.94,3.0951,-118.8612,125.0515,-1.1551,1.1551
Real Interest Rate,real_interest_rate_monthly,full sample,"(0, 1, 0)",2025-03,1.94,3.0951,-120.0747,126.265,-1.1551,1.1551
Real Interest Rate,real_interest_rate_monthly,full sample,"(0, 1, 0)",2025-04,1.94,3.0951,-121.2764,127.4667,-1.1551,1.1551
Real Interest Rate,real_interest_rate_monthly,full sample,"(0, 1, 0)",2025-05,1.94,3.0951,-122.4666,128.6569,-1.1551,1.1551
Real Interest Rate,real_interest_rate_monthly,full sample,"(0, 1, 0)",2025-06,1.94,3.0951,-123.6456,129.8359,-1.1551,1.1551
Real Interest Rate,real_interest_rate_monthly,full sample,"(0, 1, 0)",2025-07,1.94,3.0951,-124.8138,131.004,-1.1551,1.1551
Real Interest Rate,real_interest_rate_monthly,full sample,"(0, 1, 0)",2025-08,1.94,3.0951,-125.9713,132.1616,-1.1551,1.1551
Real Interest Rate,real_interest_rate_monthly,full sample,"(0, 1, 0)",2025-09,1.94,3.0951,-127.1186,133.3089,-1.1551,1.1551
Real Interest Rate,real_interest_rate_monthly,full sample,"(0, 1, 0)",2025-10,1.94,3.0951,-128.2559,134.4461,-1.1551,1.1551
Real Interest Rate,real_interest_rate_monthly,full sample,"(0, 1, 0)",2025-11,1.94,3.0951,-129.3834,135.5736,-1.1551,1.1551
Real Interest Rate,real_interest_rate_monthly,full sample,"(0, 1, 0)",2025-12,1.94,3.0951,-130.5014,136.6916,-1.1551,1.1551
Real Interest Rate,real_interest_rate_monthly,post 2014,"(0, 1, 0)",2021-01,-11.9794,3.0951,-2.6672,8.8574,-15.0746,15.0746
Real Interest Rate,real_interest_rate_monthly,post 2014,"(0, 1, 0)",2021-02,-11.9794,3.0951,-5.054,11.2443,-15.0746,15.0746
Real Interest Rate,real_interest_rate_monthly,post 2014,"(0, 1, 0)",2021-03,-11.9794,3.0951,-6.8855,13.0757,-15.0746,15.0746
Real Interest Rate,real_interest_rate_monthly,post 2014,"(0, 1, 0)",2021-04,-11.9794,3.0951,-8.4295,14.6197,-15.0746,15.0746
Real Interest Rate,real_interest_rate_monthly,post 2014,"(0, 1, 0)",2021-05,-11.9794,3.0951,-9.7898,15.98,-15.0746,15.0746
Real Interest Rate,real_interest_rate_monthly,post 2014,"(0, 1, 0)",2021-06,-11.9794,3.0951,-11.0196,17.2098,-15.0746,15.0746
Real Interest Rate,real_interest_rate_monthly,post 2014,"(0, 1, 0)",2021-07,-11.9794,3.0951,-12.1505,18.3408,-15.0746,15.0746
Real Interest Rate,real_interest_rate_monthly,post 2014,"(0, 1, 0)",2021-08,-11.9794,3.0951,-13.2031,19.3934,-15.0746,15.0746
Real Interest Rate,real_interest_rate_monthly,post 2014,"(0, 1, 0)",2021-09,-11.9794,3.0951,-14.1918,20.382,-15.0746,15.0746
Real Interest Rate,real_interest_rate_monthly,post 2014,"(0, 1, 0)",2021-10,-11.9794,3.0951,-15.1269,21.3171,-15.0746,15.0746
Real Interest Rate,real_interest_rate_monthly,post 2014,"(0, 1, 0)",2021-11,-11.9794,3.0951,-16.0163,22.2065,-15.0746,15.0746
Real Interest Rate,real_interest_rate_monthly,post 2014,"(0, 1, 0)",2021-12,-11.9794,3.0951,-16.8661,23.0563,-15.0746,15.0746
Real Interest Rate,real_interest_rate_monthly,post 2014,"(0, 1, 0)",2022-01,1.6893,3.0951,-17.6812,23.8714,-1.4058,1.4058
Real Interest Rate,real_interest_rate_monthly,post 2014,"(0, 1, 0)",2022-02,1.6893,3.0951,-18.4654,24.6557,-1.4058,1.4058
Real Interest Rate,real_interest_rate_monthly,post 2014,"(0, 1, 0)",2022-03,1.6893,3.0951,-19.2222,25.4124,-1.4058,1.4058
Real Interest Rate,real_interest_rate_monthly,post 2014,"(0, 1, 0)",2022-04,1.6893,3.0951,-19.9541,26.1443,-1.4058,1.4058
Real Interest Rate,real_interest_rate_monthly,post 2014,"(0, 1, 0)",2022-05,1.6893,3.0951,-20.6635,26.8537,-1.4058,1.4058
Real Interest Rate,real_interest_rate_monthly,post 2014,"(0, 1, 0)",2022-06,1.6893,3.0951,-21.3523,27.5425,-1.4058,1.4058
Real Interest Rate,real_interest_rate_monthly,post 2014,"(0, 1, 0)",2022-07,1.6893,3.0951,-22.0222,28.2124,-1.4058,1.4058
Real Interest Rate,real_interest_rate_monthly,post 2014,"(0, 1, 0)",2022-08,1.6893,3.0951,-22.6747,28.8649,-1.4058,1.4058
Real Interest Rate,real_interest_rate_monthly,post 2014,"(0, 1, 0)",2022-09,1.6893,3.0951,-23.3111,29.5013,-1.4058,1.4058
Real Interest Rate,real_interest_rate_monthly,post 2014,"(0, 1, 0)",2022-10,1.6893,3.0951,-23.9325,30.1227,-1.4058,1.4058
Real Interest Rate,real_interest_rate_monthly,post 2014,"(0, 1, 0)",2022-11,1.6893,3.0951,-24.5399,30.7302,-1.4058,1.4058
Real Interest Rate,real_interest_rate_monthly,post 2014,"(0, 1, 0)",2022-12,1.6893,3.0951,-25.1343,31.3245,-1.4058,1.4058
Real Interest Rate,real_interest_rate_monthly,post 2014,"(0, 1, 0)",2023-01,-0.8551,3.0951,-25.7164,31.9067,-3.9502,3.9502
Real Interest Rate,real_interest_rate_monthly,post 2014,"(0, 1, 0)",2023-02,-0.8551,3.0951,-26.287,32.4772,-3.9502,3.9502
Real Interest Rate,real_interest_rate_monthly,post 2014,"(0, 1, 0)",2023-03,-0.8551,3.0951,-26.8467,33.0369,-3.9502,3.9502
Real Interest Rate,real_interest_rate_monthly,post 2014,"(0, 1, 0)",2023-04,-0.8551,3.0951,-27.3961,33.5864,-3.9502,3.9502
Real Interest Rate,real_interest_rate_monthly,post 2014,"(0, 1, 0)",2023-05,-0.8551,3.0951,-27.9358,34.1261,-3.9502,3.9502
Real Interest Rate,real_interest_rate_monthly,post 2014,"(0, 1, 0)",2023-06,-0.8551,3.0951,-28.4663,34.6566,-3.9502,3.9502
Real Interest Rate,real_interest_rate_monthly,post 2014,"(0, 1, 0)",2023-07,-0.8551,3.0951,-28.988,35.1783,-3.9502,3.9502
Real Interest Rate,real_interest_rate_monthly,post 2014,"(0, 1, 0)",2023-08,-0.8551,3.0951,-29.5014,35.6916,-3.9502,3.9502
Real Interest Rate,real_interest_rate_monthly,post 2014,"(0, 1, 0)",2023-09,-0.8551,3.0951,-30.0068,36.1971,-3.9502,3.9502
Real Interest Rate,real_interest_rate_monthly,post 2014,"(0, 1, 0)",2023-10,-0.8551,3.0951,-30.5046,36.6949,-3.9502,3.9502
Real Interest Rate,real_interest_rate_monthly,post 2014,"(0, 1, 0)",2023-11,-0.8551,3.0951,-30.9951,37.1854,-3.9502,3.9502
Real Interest Rate,real_interest_rate_monthly,post 2014,"(0, 1, 0)",2023-12,-0.8551,3.0951,-31.4787,37.669,-3.9502,3.9502
Real Interest Rate,real_interest_rate_monthly,post 2014,"(0, 1, 0)",2024-01,-4.1776,3.0951,-31.9556,38.1459,-7.2727,7.2727
Real Interest Rate,real_interest_rate_monthly,post 2014,"(0, 1, 0)",2024-02,-4.1776,3.0951,-32.4261,38.6164,-7.2727,7.2727
Real Interest Rate,real_interest_rate_monthly,post 2014,"(0, 1, 0)",2024-03,-4.1776,3.0951,-32.8905,39.0807,-7.2727,7.2727
Real Interest Rate,real_interest_rate_monthly,post 2014,"(0, 1, 0)",2024-04,-4.1776,3.0951,-33.3489,39.5391,-7.2727,7.2727
Real Interest Rate,real_interest_rate_monthly,post 2014,"(0, 1, 0)",2024-05,-4.1776,3.0951,-33.8016,39.9919,-7.2727,7.2727
Real Interest Rate,real_interest_rate_monthly,post 2014,"(0, 1, 0)",2024-06,-4.1776,3.0951,-34.2489,40.4391,-7.2727,7.2727
Real Interest Rate,real_interest_rate_monthly,post 2014,"(0, 1, 0)",2024-07,-4.1776,3.0951,-34.6908,40.8811,-7.2727,7.2727
Real Interest Rate,real_interest_rate_monthly,post 2014,"(0, 1, 0)",2024-08,-4.1776,3.0951,-35.1277,41.3179,-7.2727,7.2727
Real Interest Rate,real_interest_rate_monthly,post 2014,"(0, 1, 0)",2024-09,-4.1776,3.0951,-35.5596,41.7498,-7.2727,7.2727
Real Interest Rate,real_interest_rate_monthly,post 2014,"(0, 1, 0)",2024-10,-4.1776,3.0951,-35.9867,42.177,-7.2727,7.2727
Real Interest Rate,real_interest_rate_monthly,post 2014,"(0, 1, 0)",2024-11,-4.1776,3.0951,-36.4093,42.5995,-7.2727,7.2727
Real Interest Rate,real_interest_rate_monthly,post 2014,"(0, 1, 0)",2024-12,-4.1776,3.0951,-36.8273,43.0176,-7.2727,7.2727
Real Interest Rate,real_interest_rate_monthly,post 2014,"(0, 1, 0)",2025-01,1.94,3.0951,-37.241,43.4313,-1.1551,1.1551
Real Interest Rate,real_interest_rate_monthly,post 2014,"(0, 1, 0)",2025-02,1.94,3.0951,-37.6505,43.8408,-1.1551,1.1551
Real Interest Rate,real_interest_rate_monthly,post 2014,"(0, 1, 0)",2025-03,1.94,3.0951,-38.056,44.2462,-1.1551,1.1551
Real Interest Rate,real_interest_rate_monthly,post 2014,"(0, 1, 0)",2025-04,1.94,3.0951,-38.4575,44.6477,-1.1551,1.1551
Real Interest Rate,real_interest_rate_monthly,post 2014,"(0, 1, 0)",2025-05,1.94,3.0951,-38.8551,45.0453,-1.1551,1.1551
Real Interest Rate,real_interest_rate_monthly,post 2014,"(0, 1, 0)",2025-06,1.94,3.0951,-39.249,45.4393,-1.1551,1.1551
Real Interest Rate,real_interest_rate_monthly,post 2014,"(0, 1, 0)",2025-07,1.94,3.0951,-39.6393,45.8295,-1.1551,1.1551
Real Interest Rate,real_interest_rate_monthly,post 2014,"(0, 1, 0)",2025-08,1.94,3.0951,-40.026,46.2163,-1.1551,1.1551
Real Interest Rate,real_interest_rate_monthly,post 2014,"(0, 1, 0)",2025-09,1.94,3.0951,-40.4093,46.5996,-1.1551,1.1551
Real Interest Rate,real_interest_rate_monthly,post 2014,"(0, 1, 0)",2025-10,1.94,3.0951,-40.7893,46.9795,-1.1551,1.1551
Real Interest Rate,real_interest_rate_monthly,post 2014,"(0, 1, 0)",2025-11,1.94,3.0951,-41.166,47.3562,-1.1551,1.1551
Real Interest Rate,real_interest_rate_monthly,post 2014,"(0, 1, 0)",2025-12,1.94,3.0951,-41.5395,47.7298,-1.1551,1.1551
Brent Crude Oil,oil_brent_usd_bbl,full sample,"(1, 1, 0)",2021-01,55.2248,52.8598,43.6679,62.0517,2.3649,2.3649
Brent Crude Oil,oil_brent_usd_bbl,full sample,"(1, 1, 0)",2021-02,62.3625,53.8342,38.0764,69.5919,8.5283,8.5283
Brent Crude Oil,oil_brent_usd_bbl,full sample,"(1, 1, 0)",2021-03,65.7961,54.2165,32.9948,75.4383,11.5795,11.5795
Brent Crude Oil,oil_brent_usd_bbl,full sample,"(1, 1, 0)",2021-04,65.5318,54.3666,28.5109,80.2223,11.1652,11.1652
Brent Crude Oil,oil_brent_usd_bbl,full sample,"(1, 1, 0)",2021-05,68.3752,54.4255,24.5397,84.3112,13.9498,13.9498
Brent Crude Oil,oil_brent_usd_bbl,full sample,"(1, 1, 0)",2021-06,73.5127,54.4486,20.9766,87.9206,19.0641,19.0641
Brent Crude Oil,oil_brent_usd_bbl,full sample,"(1, 1, 0)",2021-07,74.4032,54.4576,17.7343,91.181,19.9455,19.9455
Brent Crude Oil,oil_brent_usd_bbl,full sample,"(1, 1, 0)",2021-08,70.5882,54.4612,14.7469,94.1755,16.127,16.127
Brent Crude Oil,oil_brent_usd_bbl,full sample,"(1, 1, 0)",2021-09,74.7495,54.4626,11.9654,96.9598,20.2869,20.2869
Brent Crude Oil,oil_brent_usd_bbl,full sample,"(1, 1, 0)",2021-10,83.8652,54.4632,9.3538,99.5725,29.4021,29.4021
Brent Crude Oil,oil_brent_usd_bbl,full sample,"(1, 1, 0)",2021-11,80.8905,54.4634,6.8848,102.0419,26.4271,26.4271
Brent Crude Oil,oil_brent_usd_bbl,full sample,"(1, 1, 0)",2021-12,74.6783,54.4635,4.5375,104.3894,20.2148,20.2148
Brent Crude Oil,oil_brent_usd_bbl,full sample,"(1, 1, 0)",2022-01,85.6224,54.4635,2.2957,106.6313,31.1589,31.1589
Brent Crude Oil,oil_brent_usd_bbl,full sample,"(1, 1, 0)",2022-02,94.267,54.4635,0.1463,108.7807,39.8035,39.8035
Brent Crude Oil,oil_brent_usd_bbl,full sample,"(1, 1, 0)",2022-03,112.44,54.4635,-1.9213,110.8483,57.9765,57.9765
Brent Crude Oil,oil_brent_usd_bbl,full sample,"(1, 1, 0)",2022-04,106.1557,54.4635,-3.9157,112.8427,51.6922,51.6922
Brent Crude Oil,oil_brent_usd_bbl,full sample,"(1, 1, 0)",2022-05,112.1136,54.4635,-5.8441,114.7711,57.6501,57.6501
Brent Crude Oil,oil_brent_usd_bbl,full sample,"(1, 1, 0)",2022-06,117.6927,54.4635,-7.7128,116.6398,63.2292,63.2292
Brent Crude Oil,oil_brent_usd_bbl,full sample,"(1, 1, 0)",2022-07,105.2529,54.4635,-9.5269,118.454,50.7894,50.7894
Brent Crude Oil,oil_brent_usd_bbl,full sample,"(1, 1, 0)",2022-08,97.643,54.4635,-11.291,120.2181,43.1795,43.1795
Brent Crude Oil,oil_brent_usd_bbl,full sample,"(1, 1, 0)",2022-09,90.6082,54.4635,-13.009,121.936,36.1447,36.1447
Brent Crude Oil,oil_brent_usd_bbl,full sample,"(1, 1, 0)",2022-10,93.7186,54.4635,-14.6844,123.6114,39.2551,39.2551
Brent Crude Oil,oil_brent_usd_bbl,full sample,"(1, 1, 0)",2022-11,90.9386,54.4635,-16.32,125.2471,36.4751,36.4751
Brent Crude Oil,oil_brent_usd_bbl,full sample,"(1, 1, 0)",2022-12,81.5032,54.4635,-17.9188,126.8458,27.0397,27.0397
Brent Crude Oil,oil_brent_usd_bbl,full sample,"(1, 1, 0)",2023-01,84.0818,54.4635,-19.4829,128.41,29.6183,29.6183
Brent Crude Oil,oil_brent_usd_bbl,full sample,"(1, 1, 0)",2023-02,83.6325,54.4635,-21.0147,129.9417,29.169,29.169
Brent Crude Oil,oil_brent_usd_bbl,full sample,"(1, 1, 0)",2023-03,79.2565,54.4635,-22.516,131.443,24.793,24.793
Brent Crude Oil,oil_brent_usd_bbl,full sample,"(1, 1, 0)",2023-04,83.536,54.4635,-23.9886,132.9156,29.0725,29.0725
Brent Crude Oil,oil_brent_usd_bbl,full sample,"(1, 1, 0)",2023-05,75.7474,54.4635,-25.434,134.361,21.2839,21.2839
Brent Crude Oil,oil_brent_usd_bbl,full sample,"(1, 1, 0)",2023-06,74.975,54.4635,-26.8537,135.7807,20.5115,20.5115
Brent Crude Oil,oil_brent_usd_bbl,full sample,"(1, 1, 0)",2023-07,80.109,54.4635,-28.2491,137.1761,25.6455,25.6455
Brent Crude Oil,oil_brent_usd_bbl,full sample,"(1, 1, 0)",2023-08,85.1683,54.4635,-29.6213,138.5483,30.7048,30.7048
Brent Crude Oil,oil_brent_usd_bbl,full sample,"(1, 1, 0)",2023-09,92.6733,54.4635,-30.9715,139.8985,38.2098,38.2098
Brent Crude Oil,oil_brent_usd_bbl,full sample,"(1, 1, 0)",2023-10,88.9477,54.4635,-32.3007,141.2277,34.4842,34.4842
Brent Crude Oil,oil_brent_usd_bbl,full sample,"(1, 1, 0)",2023-11,82.1864,54.4635,-33.6098,142.5368,27.7229,27.7229
Brent Crude Oil,oil_brent_usd_bbl,full sample,"(1, 1, 0)",2023-12,77.541,54.4635,-34.8998,143.8268,23.0774,23.0774
Brent Crude Oil,oil_brent_usd_bbl,full sample,"(1, 1, 0)",2024-01,79.11,54.4635,-36.1713,145.0984,24.6465,24.6465
Brent Crude Oil,oil_brent_usd_bbl,full sample,"(1, 1, 0)",2024-02,81.7957,54.4635,-37.4253,146.3524,27.3322,27.3322
Brent Crude Oil,oil_brent_usd_bbl,full sample,"(1, 1, 0)",2024-03,84.9614,54.4635,-38.6624,147.5895,30.4979,30.4979
Brent Crude Oil,oil_brent_usd_bbl,full sample,"(1, 1, 0)",2024-04,88.9745,54.4635,-39.8833,148.8103,34.511,34.511
Brent Crude Oil,oil_brent_usd_bbl,full sample,"(1, 1, 0)",2024-05,83.0539,54.4635,-41.0886,150.0156,28.5904,28.5904
Brent Crude Oil,oil_brent_usd_bbl,full sample,"(1, 1, 0)",2024-06,82.9175,54.4635,-42.2789,151.2059,28.454,28.454
Brent Crude Oil,oil_brent_usd_bbl,full sample,"(1, 1, 0)",2024-07,84.0487,54.4635,-43.4547,152.3817,29.5852,29.5852
Brent Crude Oil,oil_brent_usd_bbl,full sample,"(1, 1, 0)",2024-08,79.0186,54.4635,-44.6166,153.5436,24.5551,24.5551
Brent Crude Oil,oil_brent_usd_bbl,full sample,"(1, 1, 0)",2024-09,73.0576,54.4635,-45.7649,154.692,18.5941,18.5941
Brent Crude Oil,oil_brent_usd_bbl,full sample,"(1, 1, 0)",2024-10,75.2665,54.4635,-46.9003,155.8273,20.803,20.803
Brent Crude Oil,oil_brent_usd_bbl,full sample,"(1, 1, 0)",2024-11,73.5086,54.4635,-48.0231,156.9501,19.0451,19.0451
Brent Crude Oil,oil_brent_usd_bbl,full sample,"(1, 1, 0)",2024-12,73.2277,54.4635,-49.1338,158.0608,18.7642,18.7642
Brent Crude Oil,oil_brent_usd_bbl,full sample,"(1, 1, 0)",2025-01,78.1939,54.4635,-50.2326,159.1596,23.7304,23.7304
Brent Crude Oil,oil_brent_usd_bbl,full sample,"(1, 1, 0)",2025-02,75.193,54.4635,-51.32,160.2471,20.7295,20.7295
Brent Crude Oil,oil_brent_usd_bbl,full sample,"(1, 1, 0)",2025-03,71.7414,54.4635,-52.3964,161.3234,17.2779,17.2779
Brent Crude Oil,oil_brent_usd_bbl,full sample,"(1, 1, 0)",2025-04,66.9273,54.4635,-53.4621,162.3891,12.4638,12.4638
Brent Crude Oil,oil_brent_usd_bbl,full sample,"(1, 1, 0)",2025-05,64.0927,54.4635,-54.5173,163.4443,9.6292,9.6292
Brent Crude Oil,oil_brent_usd_bbl,full sample,"(1, 1, 0)",2025-06,69.8467,54.4635,-55.5624,164.4894,15.3832,15.3832
Brent Crude Oil,oil_brent_usd_bbl,full sample,"(1, 1, 0)",2025-07,69.5648,54.4635,-56.5976,165.5246,15.1013,15.1013
Brent Crude Oil,oil_brent_usd_bbl,full sample,"(1, 1, 0)",2025-08,67.2443,54.4635,-57.6233,166.5503,12.7808,12.7808
Brent Crude Oil,oil_brent_usd_bbl,full sample,"(1, 1, 0)",2025-09,67.6091,54.4635,-58.6397,167.5667,13.1456,13.1456
Brent Crude Oil,oil_brent_usd_bbl,full sample,"(1, 1, 0)",2025-10,63.9813,54.4635,-59.6471,168.5741,9.5178,9.5178
Brent Crude Oil,oil_brent_usd_bbl,full sample,"(1, 1, 0)",2025-11,63.6935,54.4635,-60.6456,169.5726,9.23,9.23
Brent Crude Oil,oil_brent_usd_bbl,full sample,"(1, 1, 0)",2025-12,61.8109,54.4635,-61.6356,170.5626,7.3474,7.3474
Brent Crude Oil,oil_brent_usd_bbl,post 2014,"(1, 1, 0)",2021-01,55.2248,52.7955,42.5256,63.0653,2.4293,2.4293
Brent Crude Oil,oil_brent_usd_bbl,post 2014,"(1, 1, 0)",2021-02,62.3625,53.72,36.199,71.2409,8.6425,8.6425
Brent Crude Oil,oil_brent_usd_bbl,post 2014,"(1, 1, 0)",2021-03,65.7961,54.0734,30.5499,77.5968,11.7227,11.7227
Brent Crude Oil,oil_brent_usd_bbl,post 2014,"(1, 1, 0)",2021-04,65.5318,54.2084,25.6067,82.8102,11.3234,11.3234
Brent Crude Oil,oil_brent_usd_bbl,post 2014,"(1, 1, 0)",2021-05,68.3752,54.2601,21.2457,87.2745,14.1152,14.1152
Brent Crude Oil,oil_brent_usd_bbl,post 2014,"(1, 1, 0)",2021-06,73.5127,54.2798,17.3392,91.2204,19.2329,19.2329
Brent Crude Oil,oil_brent_usd_bbl,post 2014,"(1, 1, 0)",2021-07,74.4032,54.2874,13.7863,94.7884,20.1158,20.1158
Brent Crude Oil,oil_brent_usd_bbl,post 2014,"(1, 1, 0)",2021-08,70.5882,54.2903,10.5128,98.0677,16.2979,16.2979
Brent Crude Oil,oil_brent_usd_bbl,post 2014,"(1, 1, 0)",2021-09,74.7495,54.2914,7.4646,101.1182,20.4582,20.4582
Brent Crude Oil,oil_brent_usd_bbl,post 2014,"(1, 1, 0)",2021-10,83.8652,54.2918,4.6018,103.9818,29.5735,29.5735
Brent Crude Oil,oil_brent_usd_bbl,post 2014,"(1, 1, 0)",2021-11,80.8905,54.2919,1.8948,106.6891,26.5985,26.5985
Brent Crude Oil,oil_brent_usd_bbl,post 2014,"(1, 1, 0)",2021-12,74.6783,54.292,-0.6793,109.2633,20.3863,20.3863
Brent Crude Oil,oil_brent_usd_bbl,post 2014,"(1, 1, 0)",2022-01,85.6224,54.292,-3.1381,111.7222,31.3304,31.3304
Brent Crude Oil,oil_brent_usd_bbl,post 2014,"(1, 1, 0)",2022-02,94.267,54.292,-5.4959,114.08,39.975,39.975
Brent Crude Oil,oil_brent_usd_bbl,post 2014,"(1, 1, 0)",2022-03,112.44,54.292,-7.7643,116.3483,58.148,58.148
Brent Crude Oil,oil_brent_usd_bbl,post 2014,"(1, 1, 0)",2022-04,106.1557,54.292,-9.9525,118.5366,51.8637,51.8637
Brent Crude Oil,oil_brent_usd_bbl,post 2014,"(1, 1, 0)",2022-05,112.1136,54.292,-12.0687,120.6528,57.8216,57.8216
Brent Crude Oil,oil_brent_usd_bbl,post 2014,"(1, 1, 0)",2022-06,117.6927,54.292,-14.1194,122.7035,63.4007,63.4007
Brent Crude Oil,oil_brent_usd_bbl,post 2014,"(1, 1, 0)",2022-07,105.2529,54.292,-16.1105,124.6946,50.9608,50.9608
Brent Crude Oil,oil_brent_usd_bbl,post 2014,"(1, 1, 0)",2022-08,97.643,54.292,-18.0467,126.6308,43.351,43.351
Brent Crude Oil,oil_brent_usd_bbl,post 2014,"(1, 1, 0)",2022-09,90.6082,54.292,-19.9325,128.5166,36.3161,36.3161
Brent Crude Oil,oil_brent_usd_bbl,post 2014,"(1, 1, 0)",2022-10,93.7186,54.292,-21.7715,130.3556,39.4265,39.4265
Brent Crude Oil,oil_brent_usd_bbl,post 2014,"(1, 1, 0)",2022-11,90.9386,54.292,-23.5671,132.1512,36.6466,36.6466
Brent Crude Oil,oil_brent_usd_bbl,post 2014,"(1, 1, 0)",2022-12,81.5032,54.292,-25.3222,133.9063,27.2111,27.2111
Brent Crude Oil,oil_brent_usd_bbl,post 2014,"(1, 1, 0)",2023-01,84.0818,54.292,-27.0394,135.6235,29.7898,29.7898
Brent Crude Oil,oil_brent_usd_bbl,post 2014,"(1, 1, 0)",2023-02,83.6325,54.292,-28.7212,137.3052,29.3405,29.3405
Brent Crude Oil,oil_brent_usd_bbl,post 2014,"(1, 1, 0)",2023-03,79.2565,54.292,-30.3695,138.9536,24.9645,24.9645
Brent Crude Oil,oil_brent_usd_bbl,post 2014,"(1, 1, 0)",2023-04,83.536,54.292,-31.9863,140.5704,29.244,29.244
Brent Crude Oil,oil_brent_usd_bbl,post 2014,"(1, 1, 0)",2023-05,75.7474,54.292,-33.5734,142.1575,21.4554,21.4554
Brent Crude Oil,oil_brent_usd_bbl,post 2014,"(1, 1, 0)",2023-06,74.975,54.292,-35.1323,143.7164,20.683,20.683
Brent Crude Oil,oil_brent_usd_bbl,post 2014,"(1, 1, 0)",2023-07,80.109,54.292,-36.6646,145.2486,25.817,25.817
Brent Crude Oil,oil_brent_usd_bbl,post 2014,"(1, 1, 0)",2023-08,85.1683,54.292,-38.1714,146.7555,30.8762,30.8762
Brent Crude Oil,oil_brent_usd_bbl,post 2014,"(1, 1, 0)",2023-09,92.6733,54.292,-39.6541,148.2381,38.3813,38.3813
Brent Crude Oil,oil_brent_usd_bbl,post 2014,"(1, 1, 0)",2023-10,88.9477,54.292,-41.1137,149.6978,34.6557,34.6557
Brent Crude Oil,oil_brent_usd_bbl,post 2014,"(1, 1, 0)",2023-11,82.1864,54.292,-42.5513,151.1354,27.8943,27.8943
Brent Crude Oil,oil_brent_usd_bbl,post 2014,"(1, 1, 0)",2023-12,77.541,54.292,-43.9679,152.552,23.2489,23.2489
Brent Crude Oil,oil_brent_usd_bbl,post 2014,"(1, 1, 0)",2024-01,79.11,54.292,-45.3644,153.9484,24.818,24.818
Brent Crude Oil,oil_brent_usd_bbl,post 2014,"(1, 1, 0)",2024-02,81.7957,54.292,-46.7415,155.3256,27.5037,27.5037
Brent Crude Oil,oil_brent_usd_bbl,post 2014,"(1, 1, 0)",2024-03,84.9614,54.292,-48.1002,156.6842,30.6694,30.6694
Brent Crude Oil,oil_brent_usd_bbl,post 2014,"(1, 1, 0)",2024-04,88.9745,54.292,-49.441,158.0251,34.6825,34.6825
Brent Crude Oil,oil_brent_usd_bbl,post 2014,"(1, 1, 0)",2024-05,83.0539,54.292,-50.7647,159.3488,28.7619,28.7619
Brent Crude Oil,oil_brent_usd_bbl,post 2014,"(1, 1, 0)",2024-06,82.9175,54.292,-52.072,160.6561,28.6255,28.6255
Brent Crude Oil,oil_brent_usd_bbl,post 2014,"(1, 1, 0)",2024-07,84.0487,54.292,-53.3634,161.9475,29.7567,29.7567
Brent Crude Oil,oil_brent_usd_bbl,post 2014,"(1, 1, 0)",2024-08,79.0186,54.292,-54.6395,163.2236,24.7266,24.7266
Brent Crude Oil,oil_brent_usd_bbl,post 2014,"(1, 1, 0)",2024-09,73.0576,54.292,-55.9008,164.4849,18.7656,18.7656
Brent Crude Oil,oil_brent_usd_bbl,post 2014,"(1, 1, 0)",2024-10,75.2665,54.292,-57.1478,165.7319,20.9745,20.9745
Brent Crude Oil,oil_brent_usd_bbl,post 2014,"(1, 1, 0)",2024-11,73.5086,54.292,-58.381,166.9651,19.2165,19.2165
Brent Crude Oil,oil_brent_usd_bbl,post 2014,"(1, 1, 0)",2024-12,73.2277,54.292,-59.6009,168.185,18.9357,18.9357
Brent Crude Oil,oil_brent_usd_bbl,post 2014,"(1, 1, 0)",2025-01,78.1939,54.292,-60.8079,169.3919,23.9019,23.9019
Brent Crude Oil,oil_brent_usd_bbl,post 2014,"(1, 1, 0)",2025-02,75.193,54.292,-62.0023,170.5864,20.901,20.901
Brent Crude Oil,oil_brent_usd_bbl,post 2014,"(1, 1, 0)",2025-03,71.7414,54.292,-63.1846,171.7686,17.4494,17.4494
Brent Crude Oil,oil_brent_usd_bbl,post 2014,"(1, 1, 0)",2025-04,66.9273,54.292,-64.3551,172.9391,12.6352,12.6352
Brent Crude Oil,oil_brent_usd_bbl,post 2014,"(1, 1, 0)",2025-05,64.0927,54.292,-65.5141,174.0982,9.8007,9.8007
Brent Crude Oil,oil_brent_usd_bbl,post 2014,"(1, 1, 0)",2025-06,69.8467,54.292,-66.6621,175.2462,15.5546,15.5546
Brent Crude Oil,oil_brent_usd_bbl,post 2014,"(1, 1, 0)",2025-07,69.5648,54.292,-67.7992,176.3833,15.2727,15.2727
Brent Crude Oil,oil_brent_usd_bbl,post 2014,"(1, 1, 0)",2025-08,67.2443,54.292,-68.9259,177.51,12.9522,12.9522
Brent Crude Oil,oil_brent_usd_bbl,post 2014,"(1, 1, 0)",2025-09,67.6091,54.292,-70.0424,178.6265,13.3171,13.3171
Brent Crude Oil,oil_brent_usd_bbl,post 2014,"(1, 1, 0)",2025-10,63.9813,54.292,-71.1489,179.733,9.6893,9.6893
Brent Crude Oil,oil_brent_usd_bbl,post 2014,"(1, 1, 0)",2025-11,63.6935,54.292,-72.2457,180.8298,9.4015,9.4015
Brent Crude Oil,oil_brent_usd_bbl,post 2014,"(1, 1, 0)",2025-12,61.8109,54.292,-73.3332,181.9172,7.5189,7.5189
Natural Gas (EU),nat_gas_usd_mmbtu,full sample,"(4, 1, 1)",2021-01,7.3028,6.4374,5.5313,7.3435,0.8654,0.8654
Natural Gas (EU),nat_gas_usd_mmbtu,full sample,"(4, 1, 1)",2021-02,6.1713,6.4249,5.0026,7.8472,-0.2536,0.2536
Natural Gas (EU),nat_gas_usd_mmbtu,full sample,"(4, 1, 1)",2021-03,6.2052,6.7678,4.9786,8.557,-0.5626,0.5626
Natural Gas (EU),nat_gas_usd_mmbtu,full sample,"(4, 1, 1)",2021-04,7.2827,6.9828,4.6771,9.2886,0.2999,0.2999
Natural Gas (EU),nat_gas_usd_mmbtu,full sample,"(4, 1, 1)",2021-05,9.0047,6.8658,4.0812,9.6505,2.1389,2.1389
Natural Gas (EU),nat_gas_usd_mmbtu,full sample,"(4, 1, 1)",2021-06,10.3241,6.8498,3.6862,10.0134,3.4743,3.4743
Natural Gas (EU),nat_gas_usd_mmbtu,full sample,"(4, 1, 1)",2021-07,12.5242,6.812,3.2726,10.3514,5.7122,5.7122
Natural Gas (EU),nat_gas_usd_mmbtu,full sample,"(4, 1, 1)",2021-08,15.279,6.6245,2.7458,10.5032,8.6546,8.6546
Natural Gas (EU),nat_gas_usd_mmbtu,full sample,"(4, 1, 1)",2021-09,22.2328,6.4683,2.3135,10.6231,15.7645,15.7645
Natural Gas (EU),nat_gas_usd_mmbtu,full sample,"(4, 1, 1)",2021-10,29.8141,6.3295,1.9295,10.7295,23.4847,23.4847
Natural Gas (EU),nat_gas_usd_mmbtu,full sample,"(4, 1, 1)",2021-11,27.3838,6.1411,1.5274,10.7549,21.2427,21.2427
Natural Gas (EU),nat_gas_usd_mmbtu,full sample,"(4, 1, 1)",2021-12,37.3634,5.9737,1.1841,10.7633,31.3896,31.3896
Natural Gas (EU),nat_gas_usd_mmbtu,full sample,"(4, 1, 1)",2022-01,27.8909,5.8362,0.8963,10.7762,22.0547,22.0547
Natural Gas (EU),nat_gas_usd_mmbtu,full sample,"(4, 1, 1)",2022-02,26.9843,5.696,0.6263,10.7657,21.2883,21.2883
Natural Gas (EU),nat_gas_usd_mmbtu,full sample,"(4, 1, 1)",2022-03,41.7277,5.5769,0.398,10.7558,36.1508,36.1508
Natural Gas (EU),nat_gas_usd_mmbtu,full sample,"(4, 1, 1)",2022-04,31.9899,5.487,0.2137,10.7603,26.5028,26.5028
Natural Gas (EU),nat_gas_usd_mmbtu,full sample,"(4, 1, 1)",2022-05,27.4642,5.4101,0.0535,10.7668,22.054,22.054
Natural Gas (EU),nat_gas_usd_mmbtu,full sample,"(4, 1, 1)",2022-06,32.9126,5.3517,-0.0787,10.7821,27.5609,27.5609
Natural Gas (EU),nat_gas_usd_mmbtu,full sample,"(4, 1, 1)",2022-07,51.1459,5.3152,-0.182,10.8124,45.8307,45.8307
Natural Gas (EU),nat_gas_usd_mmbtu,full sample,"(4, 1, 1)",2022-08,69.9772,5.2919,-0.2673,10.8512,64.6853,64.6853
Natural Gas (EU),nat_gas_usd_mmbtu,full sample,"(4, 1, 1)",2022-09,55.1791,5.2811,-0.3367,10.8988,49.8981,49.8981
Natural Gas (EU),nat_gas_usd_mmbtu,full sample,"(4, 1, 1)",2022-10,20.8066,5.283,-0.3909,10.9569,15.5236,15.5236
Natural Gas (EU),nat_gas_usd_mmbtu,full sample,"(4, 1, 1)",2022-11,28.7908,5.2929,-0.436,11.0218,23.4979,23.4979
Natural Gas (EU),nat_gas_usd_mmbtu,full sample,"(4, 1, 1)",2022-12,35.3687,5.3085,-0.4749,11.0918,30.0603,30.0603
Natural Gas (EU),nat_gas_usd_mmbtu,full sample,"(4, 1, 1)",2023-01,19.8862,5.3291,-0.5088,11.167,14.5571,14.5571
Natural Gas (EU),nat_gas_usd_mmbtu,full sample,"(4, 1, 1)",2023-02,16.7373,5.352,-0.541,11.245,11.3852,11.3852
Natural Gas (EU),nat_gas_usd_mmbtu,full sample,"(4, 1, 1)",2023-03,13.8704,5.3756,-0.5733,11.3245,8.4949,8.4949
Natural Gas (EU),nat_gas_usd_mmbtu,full sample,"(4, 1, 1)",2023-04,13.684,5.3991,-0.6066,11.4049,8.2849,8.2849
Natural Gas (EU),nat_gas_usd_mmbtu,full sample,"(4, 1, 1)",2023-05,9.97,5.4214,-0.6423,11.485,4.5487,4.5487
Natural Gas (EU),nat_gas_usd_mmbtu,full sample,"(4, 1, 1)",2023-06,10.2937,5.4415,-0.6811,11.564,4.8523,4.8523
Natural Gas (EU),nat_gas_usd_mmbtu,full sample,"(4, 1, 1)",2023-07,9.6117,5.4592,-0.7232,11.6415,4.1526,4.1526
Natural Gas (EU),nat_gas_usd_mmbtu,full sample,"(4, 1, 1)",2023-08,10.7174,5.4742,-0.7688,11.7171,5.2432,5.2432
Natural Gas (EU),nat_gas_usd_mmbtu,full sample,"(4, 1, 1)",2023-09,11.4279,5.4863,-0.8179,11.7904,5.9416,5.9416
Natural Gas (EU),nat_gas_usd_mmbtu,full sample,"(4, 1, 1)",2023-10,13.3888,5.4957,-0.8701,11.8614,7.8932,7.8932
Natural Gas (EU),nat_gas_usd_mmbtu,full sample,"(4, 1, 1)",2023-11,13.7143,5.5025,-0.9251,11.9301,8.2118,8.2118
Natural Gas (EU),nat_gas_usd_mmbtu,full sample,"(4, 1, 1)",2023-12,11.2963,5.5069,-0.9826,11.9964,5.7894,5.7894
Natural Gas (EU),nat_gas_usd_mmbtu,full sample,"(4, 1, 1)",2024-01,9.5312,5.5093,-1.042,12.0606,4.0219,4.0219
Natural Gas (EU),nat_gas_usd_mmbtu,full sample,"(4, 1, 1)",2024-02,8.0982,5.51,-1.1028,12.1228,2.5882,2.5882
Natural Gas (EU),nat_gas_usd_mmbtu,full sample,"(4, 1, 1)",2024-03,8.511,5.5093,-1.1646,12.1831,3.0018,3.0018
Natural Gas (EU),nat_gas_usd_mmbtu,full sample,"(4, 1, 1)",2024-04,9.1296,5.5075,-1.227,12.2419,3.6221,3.6221
Natural Gas (EU),nat_gas_usd_mmbtu,full sample,"(4, 1, 1)",2024-05,10.1096,5.5049,-1.2895,12.2994,4.6047,4.6047
Natural Gas (EU),nat_gas_usd_mmbtu,full sample,"(4, 1, 1)",2024-06,10.8066,5.5019,-1.3519,12.3557,5.3047,5.3047
Natural Gas (EU),nat_gas_usd_mmbtu,full sample,"(4, 1, 1)",2024-07,10.2398,5.4986,-1.4139,12.4112,4.7412,4.7412
Natural Gas (EU),nat_gas_usd_mmbtu,full sample,"(4, 1, 1)",2024-08,12.1938,5.4953,-1.4753,12.4659,6.6986,6.6986
Natural Gas (EU),nat_gas_usd_mmbtu,full sample,"(4, 1, 1)",2024-09,11.7508,5.4921,-1.5358,12.52,6.2587,6.2587
Natural Gas (EU),nat_gas_usd_mmbtu,full sample,"(4, 1, 1)",2024-10,12.755,5.4891,-1.5955,12.5737,7.2659,7.2659
Natural Gas (EU),nat_gas_usd_mmbtu,full sample,"(4, 1, 1)",2024-11,13.811,5.4864,-1.6542,12.627,8.3246,8.3246
Natural Gas (EU),nat_gas_usd_mmbtu,full sample,"(4, 1, 1)",2024-12,13.757,5.4841,-1.712,12.6801,8.2729,8.2729
Natural Gas (EU),nat_gas_usd_mmbtu,full sample,"(4, 1, 1)",2025-01,14.7591,5.4821,-1.7687,12.733,9.2769,9.2769
Natural Gas (EU),nat_gas_usd_mmbtu,full sample,"(4, 1, 1)",2025-02,15.3764,5.4806,-1.8246,12.7858,9.8958,9.8958
Natural Gas (EU),nat_gas_usd_mmbtu,full sample,"(4, 1, 1)",2025-03,13.156,5.4795,-1.8795,12.8384,7.6765,7.6765
Natural Gas (EU),nat_gas_usd_mmbtu,full sample,"(4, 1, 1)",2025-04,11.572,5.4787,-1.9336,12.8909,6.0933,6.0933
Natural Gas (EU),nat_gas_usd_mmbtu,full sample,"(4, 1, 1)",2025-05,11.6238,5.4782,-1.9869,12.9432,6.1456,6.1456
Natural Gas (EU),nat_gas_usd_mmbtu,full sample,"(4, 1, 1)",2025-06,12.3006,5.4779,-2.0396,12.9954,6.8226,6.8226
Natural Gas (EU),nat_gas_usd_mmbtu,full sample,"(4, 1, 1)",2025-07,11.4706,5.4779,-2.0916,13.0475,5.9927,5.9927
Natural Gas (EU),nat_gas_usd_mmbtu,full sample,"(4, 1, 1)",2025-08,10.9752,5.4781,-2.1431,13.0993,5.4971,5.4971
Natural Gas (EU),nat_gas_usd_mmbtu,full sample,"(4, 1, 1)",2025-09,11.003,5.4784,-2.1941,13.1509,5.5246,5.5246
Natural Gas (EU),nat_gas_usd_mmbtu,full sample,"(4, 1, 1)",2025-10,10.897,5.4788,-2.2447,13.2023,5.4182,5.4182
Natural Gas (EU),nat_gas_usd_mmbtu,full sample,"(4, 1, 1)",2025-11,10.355,5.4792,-2.2949,13.2534,4.8758,4.8758
Natural Gas (EU),nat_gas_usd_mmbtu,full sample,"(4, 1, 1)",2025-12,9.46,5.4797,-2.3448,13.3042,3.9803,3.9803
Natural Gas (EU),nat_gas_usd_mmbtu,post 2014,"(3, 1, 2)",2021-01,7.3028,6.3728,5.2919,7.4536,0.93,0.93
Natural Gas (EU),nat_gas_usd_mmbtu,post 2014,"(3, 1, 2)",2021-02,6.1713,5.9927,4.3001,7.6852,0.1787,0.1787
Natural Gas (EU),nat_gas_usd_mmbtu,post 2014,"(3, 1, 2)",2021-03,6.2052,6.02,3.7329,8.3071,0.1852,0.1852
Natural Gas (EU),nat_gas_usd_mmbtu,post 2014,"(3, 1, 2)",2021-04,7.2827,6.5025,3.6186,9.3865,0.7802,0.7802
Natural Gas (EU),nat_gas_usd_mmbtu,post 2014,"(3, 1, 2)",2021-05,9.0047,6.2922,2.9724,9.612,2.7125,2.7125
Natural Gas (EU),nat_gas_usd_mmbtu,post 2014,"(3, 1, 2)",2021-06,10.3241,5.9664,2.2889,9.6439,4.3577,4.3577
Natural Gas (EU),nat_gas_usd_mmbtu,post 2014,"(3, 1, 2)",2021-07,12.5242,6.335,2.2609,10.4092,6.1892,6.1892
Natural Gas (EU),nat_gas_usd_mmbtu,post 2014,"(3, 1, 2)",2021-08,15.279,6.4607,2.0304,10.891,8.8183,8.8183
Natural Gas (EU),nat_gas_usd_mmbtu,post 2014,"(3, 1, 2)",2021-09,22.2328,6.0535,1.346,10.7611,16.1793,16.1793
Natural Gas (EU),nat_gas_usd_mmbtu,post 2014,"(3, 1, 2)",2021-10,29.8141,6.139,1.1406,11.1375,23.6751,23.6751
Natural Gas (EU),nat_gas_usd_mmbtu,post 2014,"(3, 1, 2)",2021-11,27.3838,6.4788,1.174,11.7836,20.905,20.905
Natural Gas (EU),nat_gas_usd_mmbtu,post 2014,"(3, 1, 2)",2021-12,37.3634,6.2294,0.6752,11.7836,31.134,31.134
Natural Gas (EU),nat_gas_usd_mmbtu,post 2014,"(3, 1, 2)",2022-01,27.8909,6.0348,0.249,11.8206,21.8562,21.8562
Natural Gas (EU),nat_gas_usd_mmbtu,post 2014,"(3, 1, 2)",2022-02,26.9843,6.3659,0.3194,12.4123,20.6184,20.6184
Natural Gas (EU),nat_gas_usd_mmbtu,post 2014,"(3, 1, 2)",2022-03,41.7277,6.3835,0.0994,12.6677,35.3442,35.3442
Natural Gas (EU),nat_gas_usd_mmbtu,post 2014,"(3, 1, 2)",2022-04,31.9899,6.064,-0.4224,12.5504,25.9259,25.9259
Natural Gas (EU),nat_gas_usd_mmbtu,post 2014,"(3, 1, 2)",2022-05,27.4642,6.2066,-0.499,12.9123,21.2576,21.2576
Natural Gas (EU),nat_gas_usd_mmbtu,post 2014,"(3, 1, 2)",2022-06,32.9126,6.4354,-0.4954,13.3663,26.4772,26.4772
Natural Gas (EU),nat_gas_usd_mmbtu,post 2014,"(3, 1, 2)",2022-07,51.1459,6.1876,-0.9344,13.3096,44.9583,44.9583
Natural Gas (EU),nat_gas_usd_mmbtu,post 2014,"(3, 1, 2)",2022-08,69.9772,6.0963,-1.2136,13.4062,63.8809,63.8809
Natural Gas (EU),nat_gas_usd_mmbtu,post 2014,"(3, 1, 2)",2022-09,55.1791,6.3744,-1.142,13.8908,48.8047,48.8047
Natural Gas (EU),nat_gas_usd_mmbtu,post 2014,"(3, 1, 2)",2022-10,20.8066,6.3215,-1.3827,14.0258,14.4851,14.4851
Natural Gas (EU),nat_gas_usd_mmbtu,post 2014,"(3, 1, 2)",2022-11,28.7908,6.0869,-1.7866,13.9604,22.7039,22.7039
Natural Gas (EU),nat_gas_usd_mmbtu,post 2014,"(3, 1, 2)",2022-12,35.3687,6.2534,-1.8041,14.3109,29.1153,29.1153
Natural Gas (EU),nat_gas_usd_mmbtu,post 2014,"(3, 1, 2)",2023-01,19.8862,6.3907,-1.8507,14.6321,13.4955,13.4955
Natural Gas (EU),nat_gas_usd_mmbtu,post 2014,"(3, 1, 2)",2023-02,16.7373,6.166,-2.2367,14.5687,10.5713,10.5713
Natural Gas (EU),nat_gas_usd_mmbtu,post 2014,"(3, 1, 2)",2023-03,13.8704,6.1491,-2.4173,14.7156,7.7213,7.7213
Natural Gas (EU),nat_gas_usd_mmbtu,post 2014,"(3, 1, 2)",2023-04,13.684,6.3684,-2.3729,15.1097,7.3156,7.3156
Natural Gas (EU),nat_gas_usd_mmbtu,post 2014,"(3, 1, 2)",2023-05,9.97,6.275,-2.6258,15.1757,3.6951,3.6951
Natural Gas (EU),nat_gas_usd_mmbtu,post 2014,"(3, 1, 2)",2023-06,10.2937,6.1157,-2.9348,15.1663,4.178,4.178
Natural Gas (EU),nat_gas_usd_mmbtu,post 2014,"(3, 1, 2)",2023-07,9.6117,6.2827,-2.9293,15.4948,3.329,3.329
Natural Gas (EU),nat_gas_usd_mmbtu,post 2014,"(3, 1, 2)",2023-08,10.7174,6.349,-3.021,15.719,4.3684,4.3684
Natural Gas (EU),nat_gas_usd_mmbtu,post 2014,"(3, 1, 2)",2023-09,11.4279,6.1592,-3.3537,15.6722,5.2687,5.2687
Natural Gas (EU),nat_gas_usd_mmbtu,post 2014,"(3, 1, 2)",2023-10,13.3888,6.1916,-3.4688,15.852,7.1972,7.1972
Natural Gas (EU),nat_gas_usd_mmbtu,post 2014,"(3, 1, 2)",2023-11,13.7143,6.3536,-3.4603,16.1674,7.3607,7.3607
Natural Gas (EU),nat_gas_usd_mmbtu,post 2014,"(3, 1, 2)",2023-12,11.2963,6.2425,-3.7122,16.1972,5.0538,5.0538
Natural Gas (EU),nat_gas_usd_mmbtu,post 2014,"(3, 1, 2)",2024-01,9.5312,6.1458,-3.9454,16.2371,3.3854,3.3854
Natural Gas (EU),nat_gas_usd_mmbtu,post 2014,"(3, 1, 2)",2024-02,8.0982,6.2982,-3.9382,16.5347,1.7999,1.7999
Natural Gas (EU),nat_gas_usd_mmbtu,post 2014,"(3, 1, 2)",2024-03,8.511,6.313,-4.0635,16.6896,2.198,2.198
Natural Gas (EU),nat_gas_usd_mmbtu,post 2014,"(3, 1, 2)",2024-04,9.1296,6.1626,-4.3442,16.6694,2.967,2.967
Natural Gas (EU),nat_gas_usd_mmbtu,post 2014,"(3, 1, 2)",2024-05,10.1096,6.2237,-4.4184,16.8657,3.8859,3.8859
Natural Gas (EU),nat_gas_usd_mmbtu,post 2014,"(3, 1, 2)",2024-06,10.8066,6.3344,-4.4454,17.1142,4.4722,4.4722
Natural Gas (EU),nat_gas_usd_mmbtu,post 2014,"(3, 1, 2)",2024-07,10.2398,6.2219,-4.6857,17.1296,4.0179,4.0179
Natural Gas (EU),nat_gas_usd_mmbtu,post 2014,"(3, 1, 2)",2024-08,12.1938,6.174,-4.8602,17.2082,6.0198,6.0198
Natural Gas (EU),nat_gas_usd_mmbtu,post 2014,"(3, 1, 2)",2024-09,11.7508,6.3035,-4.8632,17.4702,5.4473,5.4473
Natural Gas (EU),nat_gas_usd_mmbtu,post 2014,"(3, 1, 2)",2024-10,12.755,6.2839,-5.0099,17.5777,6.4711,6.4711
Natural Gas (EU),nat_gas_usd_mmbtu,post 2014,"(3, 1, 2)",2024-11,13.811,6.1722,-5.2425,17.5869,7.6388,7.6388
Natural Gas (EU),nat_gas_usd_mmbtu,post 2014,"(3, 1, 2)",2024-12,13.757,6.2462,-5.2939,17.7863,7.5108,7.5108
Natural Gas (EU),nat_gas_usd_mmbtu,post 2014,"(3, 1, 2)",2025-01,14.7591,6.3142,-5.3516,17.98,8.4449,8.4449
Natural Gas (EU),nat_gas_usd_mmbtu,post 2014,"(3, 1, 2)",2025-02,15.3764,6.2109,-5.5731,17.9948,9.1655,9.1655
Natural Gas (EU),nat_gas_usd_mmbtu,post 2014,"(3, 1, 2)",2025-03,13.156,6.1985,-5.704,18.1011,6.9575,6.9575
Natural Gas (EU),nat_gas_usd_mmbtu,post 2014,"(3, 1, 2)",2025-04,11.572,6.3017,-5.7233,18.3266,5.2703,5.2703
Natural Gas (EU),nat_gas_usd_mmbtu,post 2014,"(3, 1, 2)",2025-05,11.6238,6.2619,-5.8802,18.4039,5.3619,5.3619
Natural Gas (EU),nat_gas_usd_mmbtu,post 2014,"(3, 1, 2)",2025-06,12.3006,6.1849,-6.0707,18.4405,6.1157,6.1157
Natural Gas (EU),nat_gas_usd_mmbtu,post 2014,"(3, 1, 2)",2025-07,11.4706,6.2606,-6.1123,18.6335,5.21,5.21
Natural Gas (EU),nat_gas_usd_mmbtu,post 2014,"(3, 1, 2)",2025-08,10.9752,6.2951,-6.194,18.7842,4.6801,4.6801
Natural Gas (EU),nat_gas_usd_mmbtu,post 2014,"(3, 1, 2)",2025-09,11.003,6.2069,-6.3929,18.8066,4.7961,4.7961
Natural Gas (EU),nat_gas_usd_mmbtu,post 2014,"(3, 1, 2)",2025-10,10.897,6.2184,-6.4932,18.9301,4.6786,4.6786
Natural Gas (EU),nat_gas_usd_mmbtu,post 2014,"(3, 1, 2)",2025-11,10.355,6.2955,-6.5301,19.1211,4.0595,4.0595
Natural Gas (EU),nat_gas_usd_mmbtu,post 2014,"(3, 1, 2)",2025-12,9.46,6.2462,-6.6887,19.1812,3.2138,3.2138
Diamond Index,diamond_usd_carat,full sample,"(1, 1, 1)",2021-01,101.1,101.216,99.6255,102.8064,-0.116,0.116
Diamond Index,diamond_usd_carat,full sample,"(1, 1, 1)",2021-02,101.1,101.293,98.9091,103.6769,-0.193,0.193
Diamond Index,diamond_usd_carat,full sample,"(1, 1, 1)",2021-03,102.1,101.3442,98.2965,104.392,0.7558,0.7558
Diamond Index,diamond_usd_carat,full sample,"(1, 1, 1)",2021-04,102.3,101.3783,97.7434,105.0131,0.9217,0.9217
Diamond Index,diamond_usd_carat,full sample,"(1, 1, 1)",2021-05,102.8,101.4009,97.2351,105.5667,1.3991,1.3991
Diamond Index,diamond_usd_carat,full sample,"(1, 1, 1)",2021-06,104.4,101.4159,96.7636,106.0682,2.9841,2.9841
Diamond Index,diamond_usd_carat,full sample,"(1, 1, 1)",2021-07,104.7,101.4259,96.3235,106.5282,3.2741,3.2741
Diamond Index,diamond_usd_carat,full sample,"(1, 1, 1)",2021-08,104.7,101.4325,95.9106,106.9544,3.2675,3.2675
Diamond Index,diamond_usd_carat,full sample,"(1, 1, 1)",2021-09,105.2,101.4369,95.5214,107.3524,3.7631,3.7631
Diamond Index,diamond_usd_carat,full sample,"(1, 1, 1)",2021-10,105.2,101.4398,95.1529,107.7267,3.7602,3.7602
Diamond Index,diamond_usd_carat,full sample,"(1, 1, 1)",2021-11,108.6,101.4418,94.8027,108.0808,7.1582,7.1582
Diamond Index,diamond_usd_carat,full sample,"(1, 1, 1)",2021-12,111.1,101.4431,94.4687,108.4174,9.6569,9.6569
Diamond Index,diamond_usd_carat,full sample,"(1, 1, 1)",2022-01,115.2,101.4439,94.149,108.7388,13.7561,13.7561
Diamond Index,diamond_usd_carat,full sample,"(1, 1, 1)",2022-02,118.5,101.4445,93.8422,109.0468,17.0555,17.0555
Diamond Index,diamond_usd_carat,full sample,"(1, 1, 1)",2022-03,121.1,101.4449,93.5468,109.3429,19.6551,19.6551
Diamond Index,diamond_usd_carat,full sample,"(1, 1, 1)",2022-04,121.1,101.4451,93.2619,109.6284,19.6549,19.6549
Diamond Index,diamond_usd_carat,full sample,"(1, 1, 1)",2022-05,121.1,101.4453,92.9863,109.9042,19.6547,19.6547
Diamond Index,diamond_usd_carat,full sample,"(1, 1, 1)",2022-06,121.1,101.4454,92.7194,110.1714,19.6546,19.6546
Diamond Index,diamond_usd_carat,full sample,"(1, 1, 1)",2022-07,120.8,101.4455,92.4603,110.4306,19.3545,19.3545
Diamond Index,diamond_usd_carat,full sample,"(1, 1, 1)",2022-08,120.4,101.4455,92.2085,110.6826,18.9545,18.9545
Diamond Index,diamond_usd_carat,full sample,"(1, 1, 1)",2022-09,119.6,101.4456,91.9633,110.9279,18.1544,18.1544
Diamond Index,diamond_usd_carat,full sample,"(1, 1, 1)",2022-10,119.0,101.4456,91.7242,111.167,17.5544,17.5544
Diamond Index,diamond_usd_carat,full sample,"(1, 1, 1)",2022-11,118.1,101.4456,91.4909,111.4003,16.6544,16.6544
Diamond Index,diamond_usd_carat,full sample,"(1, 1, 1)",2022-12,118.1,101.4456,91.2629,111.6283,16.6544,16.6544
Diamond Index,diamond_usd_carat,full sample,"(1, 1, 1)",2023-01,117.9,101.4456,91.0399,111.8513,16.4544,16.4544
Diamond Index,diamond_usd_carat,full sample,"(1, 1, 1)",2023-02,117.9,101.4456,90.8216,112.0697,16.4544,16.4544
Diamond Index,diamond_usd_carat,full sample,"(1, 1, 1)",2023-03,117.3,101.4456,90.6076,112.2836,15.8544,15.8544
Diamond Index,diamond_usd_carat,full sample,"(1, 1, 1)",2023-04,116.4,101.4456,90.3979,112.4934,14.9544,14.9544
Diamond Index,diamond_usd_carat,full sample,"(1, 1, 1)",2023-05,116.4,101.4456,90.192,112.6993,14.9544,14.9544
Diamond Index,diamond_usd_carat,full sample,"(1, 1, 1)",2023-06,115.0,101.4456,89.9898,112.9015,13.5544,13.5544
Diamond Index,diamond_usd_carat,full sample,"(1, 1, 1)",2023-07,114.2,101.4456,89.7911,113.1001,12.7544,12.7544
Diamond Index,diamond_usd_carat,full sample,"(1, 1, 1)",2023-08,112.7,101.4456,89.5958,113.2955,11.2544,11.2544
Diamond Index,diamond_usd_carat,full sample,"(1, 1, 1)",2023-09,111.1,101.4456,89.4036,113.4877,9.6544,9.6544
Diamond Index,diamond_usd_carat,full sample,"(1, 1, 1)",2023-10,111.1,101.4456,89.2144,113.6768,9.6544,9.6544
Diamond Index,diamond_usd_carat,full sample,"(1, 1, 1)",2023-11,111.1,101.4456,89.0282,113.8631,9.6544,9.6544
Diamond Index,diamond_usd_carat,full sample,"(1, 1, 1)",2023-12,111.1,101.4456,88.8446,114.0466,9.6544,9.6544
Diamond Index,diamond_usd_carat,full sample,"(1, 1, 1)",2024-01,111.1,101.4456,88.6637,114.2275,9.6544,9.6544
Diamond Index,diamond_usd_carat,full sample,"(1, 1, 1)",2024-02,111.1,101.4456,88.4854,114.4059,9.6544,9.6544
Diamond Index,diamond_usd_carat,full sample,"(1, 1, 1)",2024-03,110.8,101.4456,88.3094,114.5818,9.3544,9.3544
Diamond Index,diamond_usd_carat,full sample,"(1, 1, 1)",2024-04,110.3,101.4456,88.1358,114.7554,8.8544,8.8544
Diamond Index,diamond_usd_carat,full sample,"(1, 1, 1)",2024-05,110.1,101.4456,87.9644,114.9268,8.6544,8.6544
Diamond Index,diamond_usd_carat,full sample,"(1, 1, 1)",2024-06,106.9,101.4456,87.7952,115.096,5.4544,5.4544
Diamond Index,diamond_usd_carat,full sample,"(1, 1, 1)",2024-07,106.9,101.4456,87.6281,115.2632,5.4544,5.4544
Diamond Index,diamond_usd_carat,full sample,"(1, 1, 1)",2024-08,104.3,101.4456,87.4629,115.4284,2.8544,2.8544
Diamond Index,diamond_usd_carat,full sample,"(1, 1, 1)",2024-09,104.3,101.4456,87.2997,115.5916,2.8544,2.8544
Diamond Index,diamond_usd_carat,full sample,"(1, 1, 1)",2024-10,104.3,101.4456,87.1383,115.753,2.8544,2.8544
Diamond Index,diamond_usd_carat,full sample,"(1, 1, 1)",2024-11,104.3,101.4456,86.9787,115.9125,2.8544,2.8544
Diamond Index,diamond_usd_carat,full sample,"(1, 1, 1)",2024-12,104.3,101.4456,86.8209,116.0704,2.8544,2.8544
Diamond Index,diamond_usd_carat,full sample,"(1, 1, 1)",2025-01,102.3,101.4456,86.6648,116.2265,0.8544,0.8544
Diamond Index,diamond_usd_carat,full sample,"(1, 1, 1)",2025-02,102.3,101.4456,86.5103,116.381,0.8544,0.8544
Diamond Index,diamond_usd_carat,full sample,"(1, 1, 1)",2025-03,102.3,101.4456,86.3573,116.5339,0.8544,0.8544
Diamond Index,diamond_usd_carat,full sample,"(1, 1, 1)",2025-04,102.3,101.4456,86.2059,116.6853,0.8544,0.8544
Diamond Index,diamond_usd_carat,full sample,"(1, 1, 1)",2025-05,102.3,101.4456,86.056,116.8352,0.8544,0.8544
Diamond Index,diamond_usd_carat,full sample,"(1, 1, 1)",2025-06,102.3,101.4456,85.9076,116.9837,0.8544,0.8544
Diamond Index,diamond_usd_carat,full sample,"(1, 1, 1)",2025-07,102.3,101.4456,85.7605,117.1307,0.8544,0.8544
Diamond Index,diamond_usd_carat,full sample,"(1, 1, 1)",2025-08,102.4,101.4456,85.6148,117.2764,0.9544,0.9544
Diamond Index,diamond_usd_carat,full sample,"(1, 1, 1)",2025-09,102.3,101.4456,85.4705,117.4208,0.8544,0.8544
Diamond Index,diamond_usd_carat,full sample,"(1, 1, 1)",2025-11,101.7,101.4456,85.3274,117.5639,0.2544,0.2544
Diamond Index,diamond_usd_carat,full sample,"(1, 1, 1)",2025-12,101.7,101.4456,85.1856,117.7057,0.2544,0.2544
Gold PPI,gold_usd,full sample,"(1, 2, 0)",2021-01,1866.98,1840.7789,1758.0685,1923.4892,26.2011,26.2011
Gold PPI,gold_usd,full sample,"(1, 2, 0)",2021-02,1808.17,1826.7897,1668.9139,1984.6655,-18.6197,18.6197
Gold PPI,gold_usd,full sample,"(1, 2, 0)",2021-03,1718.23,1811.4342,1558.3391,2064.5292,-93.2042,93.2042
Gold PPI,gold_usd,full sample,"(1, 2, 0)",2021-04,1760.04,1796.5899,1436.0084,2157.1714,-36.5499,36.5499
Gold PPI,gold_usd,full sample,"(1, 2, 0)",2021-05,1850.26,1781.5543,1301.1362,2261.9724,68.7057,68.7057
Gold PPI,gold_usd,full sample,"(1, 2, 0)",2021-06,1834.57,1766.5903,1155.6083,2377.5723,67.9797,67.9797
Gold PPI,gold_usd,full sample,"(1, 2, 0)",2021-07,1807.84,1751.5995,999.9904,2503.2086,56.2405,56.2405
Gold PPI,gold_usd,full sample,"(1, 2, 0)",2021-08,1785.28,1736.6187,835.0482,2638.1893,48.6613,48.6613
Gold PPI,gold_usd,full sample,"(1, 2, 0)",2021-09,1775.14,1721.6342,661.2973,2781.9711,53.5058,53.5058
Gold PPI,gold_usd,full sample,"(1, 2, 0)",2021-10,1776.85,1706.6511,479.213,2934.0892,70.1989,70.1989
Gold PPI,gold_usd,full sample,"(1, 2, 0)",2021-11,1821.76,1691.6675,289.1874,3094.1476,130.0925,130.0925
Gold PPI,gold_usd,full sample,"(1, 2, 0)",2021-12,1790.43,1676.684,91.5669,3261.8012,113.746,113.746
Gold PPI,gold_usd,full sample,"(1, 2, 0)",2022-01,1816.02,1661.7005,-113.3456,3436.7467,154.3195,154.3195
Gold PPI,gold_usd,full sample,"(1, 2, 0)",2022-02,1856.3,1646.717,-325.2803,3618.7144,209.583,209.583
Gold PPI,gold_usd,full sample,"(1, 2, 0)",2022-03,1947.83,1631.7335,-543.9954,3807.4625,316.0965,316.0965
Gold PPI,gold_usd,full sample,"(1, 2, 0)",2022-04,1936.86,1616.75,-769.2724,4002.7725,320.11,320.11
Gold PPI,gold_usd,full sample,"(1, 2, 0)",2022-05,1848.5,1601.7666,-1000.9129,4204.446,246.7334,246.7334
Gold PPI,gold_usd,full sample,"(1, 2, 0)",2022-06,1836.57,1586.7831,-1238.7351,4412.3012,249.7869,249.7869
Gold PPI,gold_usd,full sample,"(1, 2, 0)",2022-07,1732.74,1571.7996,-1482.5722,4626.1713,160.9404,160.9404
Gold PPI,gold_usd,full sample,"(1, 2, 0)",2022-08,1764.56,1556.8161,-1732.2702,4845.9024,207.7439,207.7439
Gold PPI,gold_usd,full sample,"(1, 2, 0)",2022-09,1680.78,1541.8326,-1987.6864,5071.3515,138.9474,138.9474
Gold PPI,gold_usd,full sample,"(1, 2, 0)",2022-10,1664.45,1526.8491,-2248.6878,5302.3859,137.6009,137.6009
Gold PPI,gold_usd,full sample,"(1, 2, 0)",2022-11,1725.07,1511.8656,-2515.1505,5538.8817,213.2044,213.2044
Gold PPI,gold_usd,full sample,"(1, 2, 0)",2022-12,1797.55,1496.8821,-2786.9584,5780.7226,300.6679,300.6679
Gold PPI,gold_usd,full sample,"(1, 2, 0)",2023-01,1897.71,1481.8986,-3064.0025,6027.7997,415.8114,415.8114
Gold PPI,gold_usd,full sample,"(1, 2, 0)",2023-02,1854.54,1466.9151,-3346.1803,6280.0106,387.6249,387.6249
Gold PPI,gold_usd,full sample,"(1, 2, 0)",2023-03,1912.73,1451.9316,-3633.395,6537.2583,460.7984,460.7984
Gold PPI,gold_usd,full sample,"(1, 2, 0)",2023-04,1999.77,1436.9481,-3925.5551,6799.4514,562.8219,562.8219
Gold PPI,gold_usd,full sample,"(1, 2, 0)",2023-05,1992.13,1421.9646,-4222.5739,7066.5032,570.1654,570.1654
Gold PPI,gold_usd,full sample,"(1, 2, 0)",2023-06,1942.9,1406.9811,-4524.3692,7338.3315,535.9189,535.9189
Gold PPI,gold_usd,full sample,"(1, 2, 0)",2023-07,1951.02,1391.9976,-4830.8626,7614.8579,559.0224,559.0224
Gold PPI,gold_usd,full sample,"(1, 2, 0)",2023-08,1918.7,1377.0142,-5141.9797,7896.008,541.6858,541.6858
Gold PPI,gold_usd,full sample,"(1, 2, 0)",2023-09,1915.95,1362.0307,-5457.6494,8181.7108,553.9193,553.9193
Gold PPI,gold_usd,full sample,"(1, 2, 0)",2023-10,1916.25,1347.0472,-5777.8038,8471.8982,569.2028,569.2028
Gold PPI,gold_usd,full sample,"(1, 2, 0)",2023-11,1984.11,1332.0637,-6102.378,8766.5054,652.0463,652.0463
Gold PPI,gold_usd,full sample,"(1, 2, 0)",2023-12,2026.18,1317.0802,-6431.3097,9065.4701,709.0998,709.0998
Gold PPI,gold_usd,full sample,"(1, 2, 0)",2024-01,2034.04,1302.0967,-6764.5393,9368.7327,731.9433,731.9433
Gold PPI,gold_usd,full sample,"(1, 2, 0)",2024-02,2023.24,1287.1132,-7102.0095,9676.2359,736.1268,736.1268
Gold PPI,gold_usd,full sample,"(1, 2, 0)",2024-03,2158.01,1272.1297,-7443.6653,9987.9247,885.8803,885.8803
Gold PPI,gold_usd,full sample,"(1, 2, 0)",2024-04,2331.45,1257.1462,-7789.4538,10303.7462,1074.3038,1074.3038
Gold PPI,gold_usd,full sample,"(1, 2, 0)",2024-05,2351.13,1242.1627,-8139.3239,10623.6493,1108.9673,1108.9673
Gold PPI,gold_usd,full sample,"(1, 2, 0)",2024-06,2326.44,1227.1792,-8493.2265,10947.585,1099.2608,1099.2608
Gold PPI,gold_usd,full sample,"(1, 2, 0)",2024-07,2398.2,1212.1957,-8851.1142,11275.5057,1186.0043,1186.0043
Gold PPI,gold_usd,full sample,"(1, 2, 0)",2024-08,2470.15,1197.2122,-9212.9412,11607.3657,1272.9378,1272.9378
Gold PPI,gold_usd,full sample,"(1, 2, 0)",2024-09,2570.55,1182.2287,-9578.6633,11943.1208,1388.3213,1388.3213
Gold PPI,gold_usd,full sample,"(1, 2, 0)",2024-10,2690.08,1167.2452,-9948.2377,12282.7282,1522.8348,1522.8348
Gold PPI,gold_usd,full sample,"(1, 2, 0)",2024-11,2651.13,1152.2618,-10321.623,12626.1465,1498.8682,1498.8682
Gold PPI,gold_usd,full sample,"(1, 2, 0)",2024-12,2648.01,1137.2783,-10698.7791,12973.3356,1510.7317,1510.7317
Gold PPI,gold_usd,full sample,"(1, 2, 0)",2025-01,2709.69,1122.2948,-11079.6671,13324.2566,1587.3952,1587.3952
Gold PPI,gold_usd,full sample,"(1, 2, 0)",2025-02,2894.73,1107.3113,-11464.2494,13678.8719,1787.4187,1787.4187
Gold PPI,gold_usd,full sample,"(1, 2, 0)",2025-03,2983.25,1092.3278,-11852.4894,14037.1449,1890.9222,1890.9222
Gold PPI,gold_usd,full sample,"(1, 2, 0)",2025-04,3217.64,1077.3443,-12244.3516,14399.0402,2140.2957,2140.2957
Gold PPI,gold_usd,full sample,"(1, 2, 0)",2025-05,3309.49,1062.3608,-12639.8015,14764.5231,2247.1292,2247.1292
Gold PPI,gold_usd,full sample,"(1, 2, 0)",2025-06,3352.66,1047.3773,-13038.8057,15133.5603,2305.2827,2305.2827
Gold PPI,gold_usd,full sample,"(1, 2, 0)",2025-07,3340.15,1032.3938,-13441.3315,15506.1191,2307.7562,2307.7562
Gold PPI,gold_usd,full sample,"(1, 2, 0)",2025-08,3368.03,1017.4103,-13847.3472,15882.1679,2350.6197,2350.6197
Gold PPI,gold_usd,full sample,"(1, 2, 0)",2025-09,3667.68,1002.4268,-14256.822,16261.6756,2665.2532,2665.2532
Gold PPI,gold_usd,full sample,"(1, 2, 0)",2025-10,4058.33,987.4433,-14669.7257,16644.6124,3070.8867,3070.8867
Gold PPI,gold_usd,full sample,"(1, 2, 0)",2025-11,4087.19,972.4598,-15086.0291,17030.9488,3114.7302,3114.7302
Gold PPI,gold_usd,full sample,"(1, 2, 0)",2025-12,4309.23,957.4763,-15505.7037,17420.6564,3351.7537,3351.7537
Gold PPI,gold_usd,post 2014,"(1, 2, 0)",2021-01,1866.98,1842.817,1748.7467,1936.8873,24.163,24.163
Gold PPI,gold_usd,post 2014,"(1, 2, 0)",2021-02,1808.17,1829.5001,1643.6412,2015.359,-21.3301,21.3301
Gold PPI,gold_usd,post 2014,"(1, 2, 0)",2021-03,1718.23,1815.5065,1516.0796,2114.9333,-97.2765,97.2765
Gold PPI,gold_usd,post 2014,"(1, 2, 0)",2021-04,1760.04,1801.7132,1373.0227,2230.4037,-41.6732,41.6732
Gold PPI,gold_usd,post 2014,"(1, 2, 0)",2021-05,1850.26,1787.8606,1215.3011,2360.4201,62.3994,62.3994
Gold PPI,gold_usd,post 2014,"(1, 2, 0)",2021-06,1834.57,1774.0256,1044.5089,2503.5422,60.5444,60.5444
Gold PPI,gold_usd,post 2014,"(1, 2, 0)",2021-07,1807.84,1760.1853,861.5891,2658.7815,47.6547,47.6547
Gold PPI,gold_usd,post 2014,"(1, 2, 0)",2021-08,1785.28,1746.3466,667.3726,2825.3207,38.9334,38.9334
Gold PPI,gold_usd,post 2014,"(1, 2, 0)",2021-09,1775.14,1732.5075,462.5204,3002.4946,42.6325,42.6325
Gold PPI,gold_usd,post 2014,"(1, 2, 0)",2021-10,1776.85,1718.6685,247.5951,3189.7418,58.1815,58.1815
Gold PPI,gold_usd,post 2014,"(1, 2, 0)",2021-11,1821.76,1704.8294,23.077,3386.5818,116.9306,116.9306
Gold PPI,gold_usd,post 2014,"(1, 2, 0)",2021-12,1790.43,1690.9904,-210.6162,3592.5969,99.4396,99.4396
Gold PPI,gold_usd,post 2014,"(1, 2, 0)",2022-01,1816.02,1677.1513,-453.1168,3807.4194,138.8687,138.8687
Gold PPI,gold_usd,post 2014,"(1, 2, 0)",2022-02,1856.3,1663.3123,-704.0983,4030.7228,192.9877,192.9877
Gold PPI,gold_usd,post 2014,"(1, 2, 0)",2022-03,1947.83,1649.4732,-963.2678,4262.2143,298.3568,298.3568
Gold PPI,gold_usd,post 2014,"(1, 2, 0)",2022-04,1936.86,1635.6342,-1230.361,4501.6293,301.2258,301.2258
Gold PPI,gold_usd,post 2014,"(1, 2, 0)",2022-05,1848.5,1621.7951,-1505.1375,4748.7277,226.7049,226.7049
Gold PPI,gold_usd,post 2014,"(1, 2, 0)",2022-06,1836.57,1607.9561,-1787.3775,5003.2897,228.6139,228.6139
Gold PPI,gold_usd,post 2014,"(1, 2, 0)",2022-07,1732.74,1594.117,-2076.8792,5265.1132,138.623,138.623
Gold PPI,gold_usd,post 2014,"(1, 2, 0)",2022-08,1764.56,1580.278,-2373.4562,5534.0121,184.282,184.282
Gold PPI,gold_usd,post 2014,"(1, 2, 0)",2022-09,1680.78,1566.4389,-2676.9358,5809.8136,114.3411,114.3411
Gold PPI,gold_usd,post 2014,"(1, 2, 0)",2022-10,1664.45,1552.5999,-2987.1573,6092.357,111.8501,111.8501
Gold PPI,gold_usd,post 2014,"(1, 2, 0)",2022-11,1725.07,1538.7608,-3303.9708,6381.4924,186.3092,186.3092
Gold PPI,gold_usd,post 2014,"(1, 2, 0)",2022-12,1797.55,1524.9218,-3627.236,6677.0795,272.6282,272.6282
Gold PPI,gold_usd,post 2014,"(1, 2, 0)",2023-01,1897.71,1511.0827,-3956.821,6978.9865,386.6273,386.6273
Gold PPI,gold_usd,post 2014,"(1, 2, 0)",2023-02,1854.54,1497.2437,-4292.602,7287.0893,357.2963,357.2963
Gold PPI,gold_usd,post 2014,"(1, 2, 0)",2023-03,1912.73,1483.4046,-4634.4618,7601.2711,429.3254,429.3254
Gold PPI,gold_usd,post 2014,"(1, 2, 0)",2023-04,1999.77,1469.5656,-4982.29,7921.4211,530.2044,530.2044
Gold PPI,gold_usd,post 2014,"(1, 2, 0)",2023-05,1992.13,1455.7265,-5335.9817,8247.4347,536.4035,536.4035
Gold PPI,gold_usd,post 2014,"(1, 2, 0)",2023-06,1942.9,1441.8875,-5695.4375,8579.2125,501.0125,501.0125
Gold PPI,gold_usd,post 2014,"(1, 2, 0)",2023-07,1951.02,1428.0484,-6060.5629,8916.6597,522.9716,522.9716
Gold PPI,gold_usd,post 2014,"(1, 2, 0)",2023-08,1918.7,1414.2094,-6431.2678,9259.6865,504.4906,504.4906
Gold PPI,gold_usd,post 2014,"(1, 2, 0)",2023-09,1915.95,1400.3703,-6807.4663,9608.2069,515.5797,515.5797
Gold PPI,gold_usd,post 2014,"(1, 2, 0)",2023-10,1916.25,1386.5313,-7189.0764,9962.139,529.7187,529.7187
Gold PPI,gold_usd,post 2014,"(1, 2, 0)",2023-11,1984.11,1372.6922,-7576.0196,10321.4041,611.4178,611.4178
Gold PPI,gold_usd,post 2014,"(1, 2, 0)",2023-12,2026.18,1358.8532,-7968.2208,10685.9272,667.3268,667.3268
Gold PPI,gold_usd,post 2014,"(1, 2, 0)",2024-01,2034.04,1345.0141,-8365.6079,11055.6362,689.0259,689.0259
Gold PPI,gold_usd,post 2014,"(1, 2, 0)",2024-02,2023.24,1331.1751,-8768.1118,11430.4619,692.0649,692.0649
Gold PPI,gold_usd,post 2014,"(1, 2, 0)",2024-03,2158.01,1317.336,-9175.6658,11810.3379,840.674,840.674
Gold PPI,gold_usd,post 2014,"(1, 2, 0)",2024-04,2331.45,1303.497,-9588.2062,12195.2002,1027.953,1027.953
Gold PPI,gold_usd,post 2014,"(1, 2, 0)",2024-05,2351.13,1289.6579,-10005.6713,12584.9872,1061.4721,1061.4721
Gold PPI,gold_usd,post 2014,"(1, 2, 0)",2024-06,2326.44,1275.8189,-10428.0017,12979.6395,1050.6211,1050.6211
Gold PPI,gold_usd,post 2014,"(1, 2, 0)",2024-07,2398.2,1261.9798,-10855.1403,13379.0999,1136.2202,1136.2202
Gold PPI,gold_usd,post 2014,"(1, 2, 0)",2024-08,2470.15,1248.1408,-11287.0316,13783.3132,1222.0092,1222.0092
Gold PPI,gold_usd,post 2014,"(1, 2, 0)",2024-09,2570.55,1234.3018,-11723.6222,14192.2257,1336.2482,1336.2482
Gold PPI,gold_usd,post 2014,"(1, 2, 0)",2024-10,2690.08,1220.4627,-12164.8606,14605.786,1469.6173,1469.6173
Gold PPI,gold_usd,post 2014,"(1, 2, 0)",2024-11,2651.13,1206.6237,-12610.6967,15023.944,1444.5063,1444.5063
Gold PPI,gold_usd,post 2014,"(1, 2, 0)",2024-12,2648.01,1192.7846,-13061.0821,15446.6513,1455.2254,1455.2254
Gold PPI,gold_usd,post 2014,"(1, 2, 0)",2025-01,2709.69,1178.9456,-13515.9698,15873.861,1530.7444,1530.7444
Gold PPI,gold_usd,post 2014,"(1, 2, 0)",2025-02,2894.73,1165.1065,-13975.3145,16305.5275,1729.6235,1729.6235
Gold PPI,gold_usd,post 2014,"(1, 2, 0)",2025-03,2983.25,1151.2675,-14439.0719,16741.6068,1831.9825,1831.9825
Gold PPI,gold_usd,post 2014,"(1, 2, 0)",2025-04,3217.64,1137.4284,-14907.1991,17182.056,2080.2116,2080.2116
Gold PPI,gold_usd,post 2014,"(1, 2, 0)",2025-05,3309.49,1123.5894,-15379.6547,17626.8334,2185.9006,2185.9006
Gold PPI,gold_usd,post 2014,"(1, 2, 0)",2025-06,3352.66,1109.7503,-15856.3979,18075.8986,2242.9097,2242.9097
Gold PPI,gold_usd,post 2014,"(1, 2, 0)",2025-07,3340.15,1095.9113,-16337.3897,18529.2122,2244.2387,2244.2387
Gold PPI,gold_usd,post 2014,"(1, 2, 0)",2025-08,3368.03,1082.0722,-16822.5916,18986.736,2285.9578,2285.9578
Gold PPI,gold_usd,post 2014,"(1, 2, 0)",2025-09,3667.68,1068.2332,-17311.9663,19448.4326,2599.4468,2599.4468
Gold PPI,gold_usd,post 2014,"(1, 2, 0)",2025-10,4058.33,1054.3941,-17805.4776,19914.2659,3003.9359,3003.9359
Gold PPI,gold_usd,post 2014,"(1, 2, 0)",2025-11,4087.19,1040.5551,-18303.0902,20384.2003,3046.6349,3046.6349
Gold PPI,gold_usd,post 2014,"(1, 2, 0)",2025-12,4309.23,1026.716,-18804.7694,20858.2015,3282.514,3282.514
