Date,oil_brent_usd_bbl_monthly
1992-01-01,18.15652174
1992-02-01,18.11
1992-03-01,17.65909091
1992-04-01,19.01590909
1992-05-01,19.98095238
1992-06-01,21.18863636
1992-07-01,20.32608696
1992-08-01,19.79285714
1992-09-01,20.28863636
1992-10-01,20.31136364
1992-11-01,19.19619048
1992-12-01,18.2726087
1993-01-01,17.50714286
1993-02-01,18.4455
1993-03-01,18.8426087
1993-04-01,18.78272727
1993-05-01,18.57809524
1993-06-01,17.63409091
1993-07-01,16.80863636
1993-08-01,16.83681818
1993-09-01,16.13954545
1993-10-01,16.64238095
1993-11-01,15.24
1993-12-01,13.55956522
1994-01-01,14.27380952
1994-02-01,13.7695
1994-03-01,13.77
1994-04-01,15.09380952
1994-05-01,16.42090909
1994-06-01,17.10545455
1994-07-01,18.1247619
1994-08-01,16.9126087
1994-09-01,16.03863636
1994-10-01,16.55095238
1994-11-01,17.41409091
1994-12-01,16.04136364
1995-01-01,16.65409091
1995-02-01,17.271
1995-03-01,17.23652174
1995-04-01,18.824
1995-05-01,18.67782609
1995-06-01,17.35318182
1995-07-01,16.08095238
1995-08-01,16.25521739
1995-09-01,16.69190476
1995-10-01,16.19363636
1995-11-01,16.91045455
1995-12-01,18.23619048
1996-01-01,18.13521739
1996-02-01,17.84619048
1996-03-01,19.80952381
1996-04-01,21.20045455
1996-05-01,19.31913043
1996-06-01,18.5775
1996-07-01,19.71478261
1996-08-01,20.60590909
1996-09-01,23.08142857
1996-10-01,24.27347826
1996-11-01,23.10238095
1996-12-01,24.03636364
1997-01-01,23.60565217
1997-02-01,20.9205
1997-03-01,19.55952381
1997-04-01,17.77545455
1997-05-01,19.24545455
1997-06-01,17.80380952
1997-07-01,18.55652174
1997-08-01,18.81571429
1997-09-01,18.58181818
1997-10-01,20.1326087
1997-11-01,19.309
1997-12-01,17.41782609
1998-01-01,15.51045455
1998-02-01,14.366
1998-03-01,13.46
1998-04-01,13.80909091
1998-05-01,14.50857143
1998-06-01,13.05954545
1998-07-01,12.52347826
1998-08-01,12.15285714
1998-09-01,13.62636364
1998-10-01,12.89636364
1998-11-01,11.44190476
1998-12-01,10.16
1999-01-01,11.18666667
1999-02-01,10.4295
1999-03-01,12.88521739
1999-04-01,15.50090909
1999-05-01,15.67
1999-06-01,16.13181818
1999-07-01,19.03227273
1999-08-01,20.59772727
1999-09-01,23.14954545
1999-10-01,22.17857143
1999-11-01,24.83727273
1999-12-01,25.69913043
2000-01-01,25.63333333
2000-02-01,28.03047619
2000-03-01,27.49434783
2000-04-01,23.1535
2000-05-01,27.80521739
2000-06-01,30.48318182
2000-07-01,28.89428571
2000-08-01,31.62913043
2000-09-01,33.36047619
2000-10-01,31.30272727
2000-11-01,32.88090909
2000-12-01,25.47571429
2001-01-01,25.79
2001-02-01,27.8965
2001-03-01,25.03454545
2001-04-01,26.01809524
2001-05-01,28.43826087
2001-06-01,28.00380952
2001-07-01,24.99136364
2001-08-01,25.73608696
2001-09-01,25.837
2001-10-01,21.0326087
2001-11-01,19.10545455
2001-12-01,18.68142857
2002-01-01,20.03304348
2002-02-01,20.545
2002-03-01,24.00095238
2002-04-01,25.94545455
2002-05-01,25.54956522
2002-06-01,24.368
2002-07-01,25.85782609
2002-08-01,26.62
2002-09-01,28.37095238
2002-10-01,27.5226087
2002-11-01,24.25047619
2002-12-01,28.31727273
2003-01-01,30.80869565
2003-02-01,32.6625
2003-03-01,30.16809524
2003-04-01,25.035
2003-05-01,25.71454545
2003-06-01,27.56666667
2003-07-01,28.50391304
2003-08-01,29.71809524
2003-09-01,27.04409091
2003-10-01,29.43565217
2003-11-01,28.9485
2003-12-01,29.74347826
2004-01-01,30.98181818
2004-02-01,30.795
2004-03-01,33.42434783
2004-04-01,33.35772727
2004-05-01,37.58904762
2004-06-01,35.43772727
2004-07-01,38.22681818
2004-08-01,42.22409091
2004-09-01,43.31590909
2004-10-01,49.73619048
2004-11-01,43.74863636
2004-12-01,39.96565217
2005-01-01,44.1747619
2005-02-01,45.721
2005-03-01,53.22913043
2005-04-01,52.60428571
2005-05-01,49.28545455
2005-06-01,54.83909091
2005-07-01,57.62571429
2005-08-01,63.95043478
2005-09-01,63.26136364
2005-10-01,58.90857143
2005-11-01,55.44954545
2005-12-01,57.15681818
2006-01-01,63.31181818
2006-02-01,60.8055
2006-03-01,62.74695652
2006-04-01,70.34
2006-05-01,70.51
2006-06-01,69.23272727
2006-07-01,74.04095238
2006-08-01,73.50043478
2006-09-01,62.52714286
2006-10-01,58.75818182
2006-11-01,59.22272727
2006-12-01,62.26047619
2007-01-01,54.50304348
2007-02-01,57.9695
2007-03-01,62.35727273
2007-04-01,67.69047619
2007-05-01,67.71782609
2007-06-01,70.61904762
2007-07-01,76.13318182
2007-08-01,71.31304348
2007-09-01,76.772
2007-10-01,82.5073913
2007-11-01,92.73136364
2007-12-01,91.51952381
2008-01-01,92.09173913
2008-02-01,94.72238095
2008-03-01,103.1619048
2008-04-01,110.0331818
2008-05-01,123.8622727
2008-06-01,132.7604762
2008-07-01,133.5852174
2008-08-01,113.8004762
2008-09-01,98.75545455
2008-10-01,71.96347826
2008-11-01,52.7135
2008-12-01,40.51173913
2009-01-01,43.17454545
2009-02-01,42.9105
2009-03-01,46.58272727
2009-04-01,50.51909091
2009-05-01,57.50142857
2009-06-01,68.58
2009-07-01,64.90434783
2009-08-01,72.59190476
2009-09-01,67.51318182
2009-10-01,72.96863636
2009-11-01,76.93666667
2009-12-01,74.78956522
2010-01-01,76.60238095
2010-02-01,73.903
2010-03-01,79.51913043
2010-04-01,85.15636364
2010-05-01,76.13238095
2010-06-01,75.24636364
2010-07-01,75.195
2010-08-01,76.89181818
2010-09-01,77.93818182
2010-10-01,83.33857143
2010-11-01,85.80090909
2010-12-01,91.96
2011-01-01,96.95238095
2011-02-01,104.2385
2011-03-01,114.9173913
2011-04-01,123.3257143
2011-05-01,114.9295455
2011-06-01,114.3704545
2011-07-01,117.4833333
2011-08-01,110.3547826
2011-09-01,111.9627273
2011-10-01,110.4295238
2011-11-01,111.1586364
2011-12-01,108.3477273
2012-01-01,111.415
2012-02-01,119.1657143
2012-03-01,124.7031818
2012-04-01,120.47
2012-05-01,110.8221739
2012-06-01,95.88904762
2012-07-01,102.9795455
2012-08-01,113.7804348
2012-09-01,113.6415
2012-10-01,111.7926087
2012-11-01,109.9118182
2012-12-01,109.5690476
2013-01-01,112.5278261
2013-02-01,116.488
2013-03-01,109.5857143
2013-04-01,102.96
2013-05-01,102.9804348
2013-06-01,103.3585
2013-07-01,107.7795652
2013-08-01,111.0581818
2013-09-01,111.9628571
2013-10-01,109.6186957
2013-11-01,108.1504762
2013-12-01,111.0704545
2014-01-01,107.9269565
2014-02-01,108.838
2014-03-01,107.8680952
2014-04-01,108.0036364
2014-05-01,109.8322727
2014-06-01,112.2409524
2014-07-01,107.4626087
2014-08-01,102.4019048
2014-09-01,97.85272727
2014-10-01,87.58478261
2014-11-01,79.2295
2014-12-01,62.90391304
2015-01-01,48.93318182
2015-02-01,58.254
2015-03-01,56.52454545
2015-04-01,59.82636364
2015-05-01,65.19380952
2015-06-01,62.62
2015-07-01,56.82956522
2015-08-01,47.53380952
2015-09-01,48.03045455
2015-10-01,48.90636364
2015-11-01,45.0952381
2015-12-01,38.52521739
2016-01-01,32.0452381
2016-02-01,33.76238095
2016-03-01,39.79217391
2016-04-01,43.33047619
2016-05-01,47.735
2016-06-01,49.87727273
2016-07-01,46.59857143
2016-08-01,47.05217391
2016-09-01,47.37681818
2016-10-01,51.41380952
2016-11-01,46.94227273
2016-12-01,55.02272727
2017-01-01,55.71090909
2017-02-01,56.096
2017-03-01,52.65521739
2017-04-01,53.978
2017-05-01,51.37434783
2017-06-01,47.65272727
2017-07-01,49.25333333
2017-08-01,51.92782609
2017-09-01,55.55761905
2017-10-01,57.53636364
2017-11-01,62.83636364
2017-12-01,64.06428571
2018-01-01,68.88913043
2018-02-01,65.6965
2018-03-01,66.89181818
2018-04-01,71.93285714
2018-05-01,76.93434783
2018-06-01,75.80285714
2018-07-01,75.22909091
2018-08-01,73.85130435
2018-09-01,79.163
2018-10-01,80.78347826
2018-11-01,66.22863636
2018-12-01,57.94809524
2019-01-01,59.94478261
2019-02-01,64.384
2019-03-01,66.94190476
2019-04-01,71.47590909
2019-05-01,70.38913043
2019-06-01,63.2085
2019-07-01,64.32217391
2019-08-01,59.61818182
2019-09-01,62.43095238
2019-10-01,59.63130435
2019-11-01,62.68666667
2019-12-01,65.34818182
2020-01-01,63.89869565
2020-02-01,55.691
2020-03-01,33.94727273
2020-04-01,26.84863636
2020-05-01,32.42238095
2020-06-01,40.86045455
2020-07-01,43.29565217
2020-08-01,45.08142857
2020-09-01,41.92681818
2020-10-01,41.60681818
2020-11-01,44.05
2020-12-01,50.37695652
2021-01-01,55.2247619
2021-02-01,62.3625
2021-03-01,65.79608696
2021-04-01,65.53181818
2021-05-01,68.3752381
2021-06-01,73.51272727
2021-07-01,74.40318182
2021-08-01,70.58818182
2021-09-01,74.74954545
2021-10-01,83.8652381
2021-11-01,80.89045455
2021-12-01,74.67826087
2022-01-01,85.62238095
2022-02-01,94.267
2022-03-01,112.44
2022-04-01,106.1557143
2022-05-01,112.1136364
2022-06-01,117.6927273
2022-07-01,105.2528571
2022-08-01,97.64304348
2022-09-01,90.60818182
2022-10-01,93.71857143
2022-11-01,90.93863636
2022-12-01,81.50318182
2023-01-01,84.08181818
2023-02-01,83.6325
2023-03-01,79.25652174
2023-04-01,83.536
2023-05-01,75.7473913
2023-06-01,74.975
2023-07-01,80.10904762
2023-08-01,85.16826087
2023-09-01,92.67333333
2023-10-01,88.94772727
2023-11-01,82.18636364
2023-12-01,77.54095238
2024-01-01,79.11
2024-02-01,81.79571429
2024-03-01,84.96142857
2024-04-01,88.97454545
2024-05-01,83.05391304
2024-06-01,82.9175
2024-07-01,84.04869565
2024-08-01,79.01863636
2024-09-01,73.05761905
2024-10-01,75.26652174
2024-11-01,73.50857143
2024-12-01,73.22772727
2025-01-01,78.19391304
2025-02-01,75.193
2025-03-01,71.74142857
2025-04-01,66.92727273
2025-05-01,64.09272727
2025-06-01,69.84666667
2025-07-01,69.56478261
2025-08-01,67.24428571
2025-09-01,67.60909091
2025-10-01,63.98130435
2025-11-01,63.6935
2025-12-01,61.81090909
2026-01-01,64.59409091
2026-02-01,69.4095
2026-03-01,99.405