observation_date,WPS113603
1984-01-01,104.100
1984-02-01,103.300
1984-03-01,104.000
1984-04-01,104.500
1984-05-01,105.300
1984-06-01,105.000
1984-07-01,105.000
1984-08-01,105.200
1984-09-01,105.400
1984-10-01,105.600
1984-11-01,106.400
1984-12-01,106.600
1985-01-01,107.000
1985-02-01,106.900
1985-03-01,107.000
1985-04-01,107.200
1985-05-01,107.300
1985-06-01,107.700
1985-07-01,107.800
1985-08-01,108.000
1985-09-01,108.100
1985-10-01,107.900
1985-11-01,108.000
1985-12-01,108.000
1986-01-01,108.200
1986-02-01,108.200
1986-03-01,107.600
1986-04-01,107.400
1986-05-01,107.200
1986-06-01,107.500
1986-07-01,107.600
1986-08-01,107.700
1986-09-01,107.900
1986-10-01,108.000
1986-11-01,107.800
1986-12-01,108.000
1987-01-01,108.600
1987-02-01,109.900
1987-03-01,109.400
1987-04-01,108.900
1987-05-01,108.700
1987-06-01,108.800
1987-07-01,108.900
1987-08-01,109.300
1987-09-01,109.400
1987-10-01,109.400
1987-11-01,114.100
1987-12-01,114.700
1988-01-01,112.200
1988-02-01,110.800
1988-03-01,112.500
1988-04-01,113.100
1988-05-01,113.800
1988-06-01,113.400
1988-07-01,113.800
1988-08-01,113.900
1988-09-01,114.200
1988-10-01,113.900
1988-11-01,114.000
1988-12-01,114.400
1989-01-01,115.300
1989-02-01,117.100
1989-03-01,116.100
1989-04-01,122.400
1989-05-01,123.200
1989-06-01,122.800
1989-07-01,122.900
1989-08-01,123.300
1989-09-01,123.000
1989-10-01,123.500
1989-11-01,123.800
1989-12-01,123.800
1990-01-01,124.900
1990-02-01,123.200
1990-03-01,122.700
1990-04-01,122.300
1990-05-01,122.400
1990-06-01,122.700
1990-07-01,123.600
1990-08-01,123.800
1990-09-01,124.300
1990-10-01,124.400
1990-11-01,124.600
1990-12-01,124.800
1991-01-01,125.200
1991-02-01,124.500
1991-03-01,127.700
1991-04-01,127.300
1991-05-01,127.300
1991-06-01,128.100
1991-07-01,127.900
1991-08-01,128.400
1991-09-01,128.800
1991-10-01,129.100
1991-11-01,129.300
1991-12-01,129.600
1992-01-01,
1992-02-01,
1992-03-01,
1992-04-01,
1992-05-01,
1992-06-01,
1992-07-01,
1992-08-01,
1992-09-01,
1992-10-01,
1992-11-01,
1992-12-01,
1993-01-01,
1993-02-01,
1993-03-01,
1993-04-01,
1993-05-01,
1993-06-01,
1993-07-01,
1993-08-01,
1993-09-01,
1993-10-01,
1993-11-01,
1993-12-01,
1994-01-01,
1994-02-01,
1994-03-01,
1994-04-01,
1994-05-01,
1994-06-01,
1994-07-01,
1994-08-01,
1994-09-01,
1994-10-01,
1994-11-01,
1994-12-01,
1995-01-01,
1995-02-01,
1995-03-01,
1995-04-01,
1995-05-01,
1995-06-01,
1995-07-01,
1995-08-01,
1995-09-01,
1995-10-01,
1995-11-01,
1995-12-01,
1996-01-01,
1996-02-01,
1996-03-01,
1996-04-01,
1996-05-01,
1996-06-01,
1996-07-01,
1996-08-01,
1996-09-01,
1996-10-01,
1996-11-01,
1996-12-01,
1997-01-01,
1997-02-01,
1997-03-01,
1997-04-01,
1997-05-01,
1997-06-01,
1997-07-01,
1997-08-01,
1997-09-01,
1997-10-01,
1997-11-01,
1997-12-01,
1998-01-01,
1998-02-01,
1998-03-01,
1998-04-01,
1998-05-01,
1998-06-01,
1998-07-01,
1998-08-01,
1998-09-01,
1998-10-01,
1998-11-01,
1998-12-01,
1999-01-01,
1999-02-01,
1999-03-01,
1999-04-01,
1999-05-01,
1999-06-01,
1999-07-01,
1999-08-01,
1999-09-01,
1999-10-01,
1999-11-01,
1999-12-01,
2000-01-01,
2000-02-01,
2000-03-01,
2000-04-01,
2000-05-01,
2000-06-01,
2000-07-01,
2000-08-01,
2000-09-01,
2000-10-01,
2000-11-01,
2000-12-01,
2001-01-01,
2001-02-01,
2001-03-01,
2001-04-01,
2001-05-01,
2001-06-01,
2001-07-01,
2001-08-01,
2001-09-01,
2001-10-01,
2001-11-01,
2001-12-01,
2002-01-01,
2002-02-01,
2002-03-01,
2002-04-01,
2002-05-01,
2002-06-01,
2002-07-01,
2002-08-01,
2002-09-01,
2002-10-01,
2002-11-01,
2002-12-01,
2003-01-01,
2003-02-01,
2003-03-01,
2003-04-01,
2003-05-01,
2003-06-01,
2003-07-01,
2003-08-01,
2003-09-01,
2003-10-01,
2003-11-01,
2003-12-01,
2004-01-01,
2004-02-01,
2004-03-01,
2004-04-01,
2004-05-01,
2004-06-01,
2004-07-01,
2004-08-01,
2004-09-01,
2004-10-01,
2004-11-01,
2004-12-01,
2005-01-01,
2005-02-01,
2005-03-01,
2005-04-01,
2005-05-01,
2005-06-01,
2005-07-01,
2005-08-01,
2005-09-01,
2005-10-01,
2005-11-01,
2005-12-01,
2006-01-01,
2006-02-01,
2006-03-01,
2006-04-01,
2006-05-01,
2006-06-01,
2006-07-01,
2006-08-01,
2006-09-01,
2006-10-01,
2006-11-01,
2006-12-01,
2007-01-01,
2007-02-01,
2007-03-01,
2007-04-01,
2007-05-01,
2007-06-01,
2007-07-01,
2007-08-01,
2007-09-01,
2007-10-01,
2007-11-01,
2007-12-01,
2008-01-01,158.200
2008-02-01,159.000
2008-03-01,161.500
2008-04-01,159.700
2008-05-01,160.100
2008-06-01,160.200
2008-07-01,162.200
2008-08-01,162.800
2008-09-01,163.000
2008-10-01,163.200
2008-11-01,167.500
2008-12-01,167.600
2009-01-01,168.400
2009-02-01,168.800
2009-03-01,168.700
2009-04-01,169.100
2009-05-01,170.400
2009-06-01,171.000
2009-07-01,171.200
2009-08-01,171.300
2009-09-01,171.700
2009-10-01,171.900
2009-11-01,172.300
2009-12-01,172.100
2010-01-01,172.100
2010-02-01,170.700
2010-03-01,171.800
2010-04-01,172.000
2010-05-01,172.400
2010-06-01,172.400
2010-07-01,172.900
2010-08-01,173.200
2010-09-01,173.600
2010-10-01,173.800
2010-11-01,174.300
2010-12-01,174.300
2011-01-01,174.000
2011-02-01,175.100
2011-03-01,175.800
2011-04-01,176.500
2011-05-01,176.200
2011-06-01,176.400
2011-07-01,177.800
2011-08-01,174.800
2011-09-01,175.300
2011-10-01,175.300
2011-11-01,175.700
2011-12-01,176.200
2012-01-01,177.000
2012-02-01,178.100
2012-03-01,178.200
2012-04-01,178.700
2012-05-01,178.800
2012-06-01,178.800
2012-07-01,179.100
2012-08-01,179.500
2012-09-01,179.900
2012-10-01,180.200
2012-11-01,180.200
2012-12-01,180.200
2013-01-01,180.100
2013-02-01,181.000
2013-03-01,181.100
2013-04-01,181.500
2013-05-01,182.800
2013-06-01,183.000
2013-07-01,183.300
2013-08-01,183.500
2013-09-01,183.800
2013-10-01,184.000
2013-11-01,184.000
2013-12-01,184.200
2014-01-01,184.600
2014-02-01,184.400
2014-03-01,184.500
2014-04-01,184.900
2014-05-01,184.800
2014-06-01,185.000
2014-07-01,185.100
2014-08-01,185.300
2014-09-01,185.700
2014-10-01,185.900
2014-11-01,185.900
2014-12-01,186.100
2015-01-01,
2015-02-01,
2015-03-01,
2015-04-01,
2015-05-01,
2015-06-01,
2015-07-01,
2015-08-01,
2015-09-01,
2015-10-01,
2015-11-01,
2015-12-01,
2016-01-01,
2016-02-01,
2016-03-01,
2016-04-01,
2016-05-01,
2016-06-01,
2016-07-01,
2016-08-01,
2016-09-01,
2016-10-01,
2016-11-01,
2016-12-01,
2017-01-01,
2017-02-01,
2017-03-01,
2017-04-01,
2017-05-01,
2017-06-01,
2017-07-01,
2017-08-01,
2017-09-01,
2017-10-01,
2017-11-01,
2017-12-01,
2018-01-01,
2018-02-01,
2018-03-01,
2018-04-01,
2018-05-01,
2018-06-01,
2018-07-01,
2018-08-01,
2018-09-01,
2018-10-01,
2018-11-01,
2018-12-01,
2019-01-01,
2019-02-01,
2019-03-01,
2019-04-01,
2019-05-01,
2019-06-01,
2019-07-01,
2019-08-01,
2019-09-01,
2019-10-01,
2019-11-01,
2019-12-01,
2020-01-01,197.500
2020-02-01,199.000
2020-03-01,199.400
2020-04-01,199.600
2020-05-01,200.000
2020-06-01,200.300
2020-07-01,200.900
2020-08-01,201.500
2020-09-01,202.000
2020-10-01,202.500
2020-11-01,202.700
2020-12-01,202.100
2021-01-01,203.200
2021-02-01,203.000
2021-03-01,204.200
2021-04-01,204.300
2021-05-01,204.900
2021-06-01,205.300
2021-07-01,206.088
2021-08-01,207.890
2021-09-01,209.129
2021-10-01,210.421
2021-11-01,211.243
2021-12-01,218.908
2022-01-01,218.075
2022-02-01,219.623
2022-03-01,221.222
2022-04-01,222.905
2022-05-01,232.701
2022-06-01,233.388
2022-07-01,236.100
2022-08-01,237.224
2022-09-01,237.952
2022-10-01,242.384
2022-11-01,252.809
2022-12-01,252.208
2023-01-01,249.554
2023-02-01,251.415
2023-03-01,251.578
2023-04-01,252.305
2023-05-01,252.857
2023-06-01,253.706
2023-07-01,255.306
2023-08-01,256.762
2023-09-01,257.794
2023-10-01,258.899
2023-11-01,259.733
2023-12-01,259.068
2024-01-01,268.783
2024-02-01,269.340
2024-03-01,271.022
2024-04-01,272.021
2024-05-01,272.567
2024-06-01,271.435
2024-07-01,272.418
2024-08-01,273.590
2024-09-01,274.333
2024-10-01,275.789
2024-11-01,276.599
2024-12-01,276.115
2025-01-01,278.832
2025-02-01,278.873
2025-03-01,281.695
2025-04-01,282.837
2025-05-01,283.960
2025-06-01,289.993
2025-07-01,291.069
2025-08-01,292.679
2025-09-01,293.946
2025-10-01,294.737
2025-11-01,295.724
2025-12-01,296.225
2026-01-01,299.380
2026-02-01,299.326
2026-03-01,300.110
